Date Time,pH dosing,Water Flow (cu ft/sec),Alum dose (L/min),PAC Dose (L/min),Water Flow (cu ft),Alum dose (L),PAC Dose (L),Rain Gauge (Inches),Alum ppm %,PAC ppm %
12/1/2021 7:37,5.47,3.66,0,0,80666.79,240.74,46.58,0,0,0
12/1/2021 7:42,5.45,2.74,0.57,0.11,81697.48,241.42,46.7,0,7,3
12/1/2021 7:47,5.44,3.63,0.76,0.14,82807.86,245.27,47.41,0,7,3
12/1/2021 7:52,5.43,3.48,0.75,0.14,83889.19,249.01,48.11,0,7,3
12/1/2021 7:57,5.44,3.69,0.77,0.14,85003.05,252.86,48.83,0,7,3
12/1/2021 8:02,5.41,3.11,0.66,0.13,86067.36,256.56,49.52,0,7,3
12/1/2021 8:07,5.41,3.67,0.76,0.14,87105.69,260.17,50.2,0,7,3
12/1/2021 8:12,5.41,3.35,0.72,0.14,88144.8,263.8,50.88,0,7,3
12/1/2021 8:17,5.39,2.47,0,0,89170.7,266.04,51.3,0,0,0
12/1/2021 8:22,5.38,4.27,0.88,0.16,90278.3,266.73,51.43,0,7,3
12/1/2021 8:27,5.4,3.25,0.68,0.13,91369.77,270.52,52.14,0,7,3
12/1/2021 8:32,5.43,3.28,0.69,0.13,92429.51,274.2,52.83,0,7,3
12/1/2021 8:37,5.44,3.15,0.67,0.13,93383.74,277.53,53.46,0,7,3
12/1/2021 8:42,5.45,1.98,0.42,0.08,94226.65,280.47,54.04,0,7,3
12/1/2021 8:47,5.45,2.35,0.49,0.1,94983.67,283.12,54.56,0,7,3
12/1/2021 8:52,5.45,2.04,0.43,0.09,95647.73,285.44,55.04,0,7,3
12/1/2021 8:57,5.39,1.89,0,0,96267.07,286.81,55.33,0,0,0
12/1/2021 9:02,5.36,1.75,0.38,0.08,96816.09,287.13,55.4,0,7,3
12/1/2021 9:07,5.35,1.67,0.36,0.08,97347.84,289.01,55.81,0,7,3
12/1/2021 9:12,5.34,1.73,0.38,0.08,97827.41,290.71,56.19,0,7,3
12/1/2021 9:17,5.34,1.68,0.36,0.08,98334.2,292.52,56.59,0,7,3
12/1/2021 9:22,5.3,1.6,0.34,0.08,98833.52,294.3,56.99,0,7,3
12/1/2021 9:27,5.3,1.57,0.34,0.08,99314.11,296,57.37,0,7,3
12/1/2021 9:32,5.3,1.76,0.38,0.08,99819.46,297.81,57.77,0,7,3
12/1/2021 9:37,5.3,1.68,0,0,100309.34,298.9,58.02,0,0,0
12/1/2021 9:42,5.29,2,0.42,0.09,100817.95,299.2,58.08,0,7,3
12/1/2021 9:47,5.29,1.84,0.39,0.09,101307.3,300.94,58.48,0,7,3
12/1/2021 9:52,5.3,1.82,0.39,0.09,101824.51,302.78,58.88,0,7,3
12/1/2021 9:57,5.29,1.83,0.37,0.08,102318.62,304.54,59.28,0,7,3
12/1/2021 10:02,5.3,2.13,0.45,0.09,102878.21,306.52,59.7,0,7,3
12/1/2021 10:07,5.29,2.78,0.6,0.12,103616.73,309.1,60.22,0,7,3
12/1/2021 10:12,5.3,2.42,0.51,0.1,104470.84,312.08,60.81,0,7,3
12/1/2021 10:17,5.34,3.17,0,0,105471.63,314.2,61.22,0,0,0
12/1/2021 10:22,5.33,3.76,0.78,0.14,106573.52,314.86,61.34,0,7,3
12/1/2021 10:27,5.33,3.87,0.81,0.15,107730.88,318.88,62.09,0,7,3
12/1/2021 10:32,5.33,3.36,0.71,0.13,108840.63,322.74,62.8,0,7,3
12/1/2021 10:37,5.34,3.18,0.68,0.13,109836.83,326.21,63.46,0,7,3
12/1/2021 10:42,5.33,3.61,0.77,0.14,110710.16,329.28,64.06,0,7,3
12/1/2021 10:47,5.31,2.86,0.59,0.12,111569.87,332.27,64.64,0,7,3
12/1/2021 10:52,5.31,2.47,0.52,0.1,112334.11,334.97,65.18,0,7,3
12/1/2021 10:57,5.3,2.47,0,0,113038.21,336.52,65.49,0,0,0
12/1/2021 11:02,5.28,2.45,0.52,0.1,113675.98,336.92,65.58,0,7,3
12/1/2021 11:07,5.3,1.44,0.31,0.07,114323.75,339.2,66.05,0,7,3
12/1/2021 11:12,5.36,2.18,0.46,0.09,114983.96,341.52,66.53,0,7,3
12/1/2021 11:17,5.37,2.54,0.54,0.1,115752.02,344.21,67.07,0,7,3
12/1/2021 11:22,5.38,3.86,0.81,0.15,116690.19,347.5,67.7,0,7,3
12/1/2021 11:27,5.39,1.35,0.29,0.07,117595.69,350.66,68.32,0,7,3
12/1/2021 11:32,5.4,4.07,0.84,0.16,118861.84,355.07,69.12,0,7,3
12/1/2021 11:37,5.32,5.22,0,0,120242.85,357.91,69.64,0,0,0
12/1/2021 11:42,5.31,2.23,0.47,0.1,121360.54,358.55,69.76,0,7,3
12/1/2021 11:47,5.29,3.63,0.76,0.14,122481.97,362.46,70.48,0,7,3
12/1/2021 11:52,5.3,3.98,0.83,0.15,123579.85,366.27,71.2,0,7,3
12/1/2021 11:57,5.3,3.78,0.79,0.15,124736.06,370.29,71.94,0,7,3
12/1/2021 12:02,5.29,5.28,1.11,0.19,126069.29,374.93,72.78,0,7,3
12/1/2021 12:07,5.3,3.55,0.74,0.14,127427.44,379.68,73.63,0,7,3
12/1/2021 12:12,5.29,3.56,0.74,0.16,128714.15,384.18,74.45,0,7,3
12/1/2021 12:17,5.3,4.28,0,0,129768.72,386.47,74.88,0,0,0
12/1/2021 12:22,5.28,3.11,0.65,0.14,131022.17,387.21,75.01,0,7,3
12/1/2021 12:27,5.32,4.59,0.97,0.17,132159.42,391.21,75.75,0,7,3
12/1/2021 12:32,5.33,4.57,0.96,0.17,133484.22,395.82,76.59,0,7,3
12/1/2021 12:37,5.33,4.79,1,0.18,134744.77,400.23,77.39,0,7,3
12/1/2021 12:42,5.34,4.44,0.9,0.16,135963.52,404.5,78.17,0,7,3
12/1/2021 12:47,5.34,4.96,1.03,0.18,137310.44,409.21,79.02,0,7,3
12/1/2021 12:52,5.34,4.58,0.96,0.17,138596.59,413.68,79.83,0,7,3
12/1/2021 12:57,5.34,4.74,0,0,140007.16,416.71,80.38,0,0,0
12/1/2021 13:02,5.32,3.18,0.68,0.13,141324.16,417.46,80.52,0,7,3
12/1/2021 13:07,5.32,4.03,0.83,0.15,142400.56,421.22,81.22,0,7,3
12/1/2021 13:12,5.32,4.67,0.98,0.18,143663.31,425.65,82.02,0,7,3
12/1/2021 13:17,5.33,2.03,0.41,0.09,144600.86,428.93,82.65,0,7,3
12/1/2021 13:22,5.39,2.44,0.51,0.1,145345.3,431.57,83.18,0,7,3
12/1/2021 13:27,5.4,2.68,0.58,0.11,146107.94,434.25,83.71,0,7,3
12/1/2021 13:32,5.4,2.25,0.48,0.1,146756.2,436.53,84.19,0,7,3
12/1/2021 13:37,5.39,2.06,0,0,147370.63,437.9,84.48,0,0,0
12/1/2021 13:42,5.39,1.9,0.41,0.09,147977.41,438.28,84.56,0,7,3
12/1/2021 13:47,5.42,1.67,0.36,0.08,148543.81,440.29,85,0,7,3
12/1/2021 13:52,5.37,1.65,0.35,0.08,149083.72,442.23,85.42,0,7,3
12/1/2021 13:57,5.36,1.81,0.39,0.09,149598.39,444.08,85.83,0,7,3
12/1/2021 14:02,5.36,1.65,0.35,0.08,150084.34,445.82,86.23,0,7,3
12/1/2021 14:07,5.35,1.55,0.34,0.08,150600,447.67,86.64,0,7,3
12/1/2021 14:12,5.36,1.66,0.36,0.08,151080.61,449.4,87.03,0,7,3
12/1/2021 14:17,5.39,1.71,0,0,151583.45,450.53,87.28,0,0,0
12/1/2021 14:22,5.39,1.77,0.38,0.08,152095.41,450.86,87.35,0,7,3
12/1/2021 14:27,5.38,1.76,0.38,0.08,152631.09,452.77,87.77,0,7,3
12/1/2021 14:32,5.38,1.83,0.39,0.09,153150.34,454.65,88.18,0,7,3
12/1/2021 14:37,5.41,1.92,0.4,0.09,153701.23,456.61,88.61,0,7,3
12/1/2021 14:42,5.42,2.76,0.58,0.12,154385.72,459.03,89.1,0,7,3
12/1/2021 14:47,5.42,2.17,0.47,0.1,155185.72,461.84,89.66,0,7,3
12/1/2021 14:52,5.42,2.66,0.56,0.11,156128.42,465.14,90.3,0,7,3
12/1/2021 14:57,5.42,4.89,0,0,157430.11,467.88,90.8,0,0,0
12/1/2021 15:02,5.42,5.59,1.17,0.21,158852.73,468.79,90.96,0,7,3
12/1/2021 15:07,5.44,3.23,0.68,0.13,160100.53,473.15,91.75,0,7,3
12/1/2021 15:12,5.45,5.16,1.08,0.19,161346.13,477.52,92.55,0,7,3
12/1/2021 15:17,5.45,3.24,0.69,0.14,162310.45,480.87,93.18,0,7,3
12/1/2021 15:22,5.46,3.15,0.63,0.12,163178.17,483.91,93.78,0,7,3
12/1/2021 15:27,5.45,3.11,0.65,0.13,163984.53,486.75,94.34,0,7,3
12/1/2021 15:32,5.48,2.3,0.48,0.1,164706.55,489.3,94.85,0,7,3
12/1/2021 15:37,5.45,2.24,0,0,165434.63,490.89,95.18,0,0,0
12/1/2021 15:42,5.44,2.05,0.43,0.09,166098.14,491.31,95.26,0,7,3
12/1/2021 15:47,5.43,1.82,0.4,0.09,166716.36,493.48,95.72,0,7,3
12/1/2021 15:52,5.43,1.8,0.39,0.09,167299.45,495.57,96.17,0,7,3
12/1/2021 15:57,5.44,2.14,0.45,0.1,167941.36,497.82,96.64,0,7,3
12/1/2021 16:02,5.44,2.6,0.55,0.11,168731.06,500.6,97.19,0,7,3
12/1/2021 16:07,5.46,2.99,0.62,0.12,169594.73,503.63,97.78,0,7,3
12/1/2021 16:12,5.48,2.11,0.44,0.1,170517.23,506.89,98.4,0,7,3
12/1/2021 16:17,5.48,4.87,0,0,171715.47,509.27,98.85,0,0,0
12/1/2021 16:22,5.49,3.31,0.78,0.14,173020.44,509.84,98.95,0,7,3
12/1/2021 16:27,5.53,3.25,0.69,0.13,174090.91,513.58,99.66,0,7,3
12/1/2021 16:32,5.52,3.67,0.76,0.15,175282.33,517.74,100.42,0,7,3
12/1/2021 16:37,5.51,3.48,0.73,0.13,176376.72,521.55,101.13,0,7,3
12/1/2021 16:42,5.51,3.76,0.78,0.15,177421.17,525.22,101.82,0,7,3
12/1/2021 16:47,5.51,4.71,0.98,0.19,178593.48,529.3,102.58,0,7,3
12/1/2021 16:52,5.52,2.61,0.55,0.11,179721.61,533.25,103.31,0,7,3
12/1/2021 16:57,5.48,4.49,0,0,181035.73,536.17,103.84,0,0,0
12/1/2021 17:02,5.47,4.97,1.03,0.18,182366.41,537.09,104,0,7,3
12/1/2021 17:07,5.46,3.82,0.79,0.15,183470.8,540.96,104.72,0,7,3
12/1/2021 17:12,5.46,3.17,0.68,0.13,184530.13,544.67,105.42,0,7,3
12/1/2021 17:17,5.48,4.61,0.97,0.17,185708.94,548.79,106.17,0,7,3
12/1/2021 17:22,5.44,3.77,0.8,0.15,186789.2,552.56,106.88,0,7,3
12/1/2021 17:27,5.44,3.68,0.73,0.14,187843.27,556.22,107.57,0,7,3
12/1/2021 17:32,5.44,3.62,0.75,0.14,188902.67,559.95,108.27,0,7,3
12/1/2021 17:37,5.45,3.62,0,0,189880.2,562.1,108.67,0,0,0
12/1/2021 17:42,5.44,2.5,0.53,0.1,190847.56,562.6,108.77,0,7,3
12/1/2021 17:47,5.45,2.67,0.53,0.11,191894.69,566.25,109.46,0,7,3
12/1/2021 17:52,5.45,3.43,0.72,0.14,192892.52,569.74,110.12,0,7,3
12/1/2021 17:57,5.45,3.22,0.68,0.13,193893.61,573.24,110.79,0,7,3
12/1/2021 18:02,5.45,3.58,0.81,0.14,194959.5,576.96,111.48,0,7,3
12/1/2021 18:07,5.45,3.84,0.8,0.15,196027.83,580.69,112.18,0,7,3
12/1/2021 18:12,5.48,3.8,0.79,0.15,197021.47,584.15,112.84,0,7,3
12/1/2021 18:17,5.49,3.96,0,0,198086,586.53,113.28,0,0,0
12/1/2021 18:22,5.47,3.53,0.74,0.14,199123.58,587.16,113.39,0,7,3
12/1/2021 18:27,5.48,2.61,0.55,0.11,200112.91,590.61,114.05,0,7,3
12/1/2021 18:32,5.47,4.56,0.95,0.17,201165.81,594.26,114.74,0,7,3
12/1/2021 18:37,5.48,3,0.63,0.12,202226.78,597.99,115.44,0,7,3
12/1/2021 18:42,5.44,3.56,0.74,0.14,203219.81,601.46,116.09,0,7,3
12/1/2021 18:47,5.44,3.43,0.72,0.13,204244.34,605.01,116.77,0,7,3
12/1/2021 18:52,5.44,4.08,0.85,0.16,205185.45,608.29,117.39,0,7,3
12/1/2021 18:57,5.43,2.49,0,0,206010.25,610.28,117.77,0,0,0
12/1/2021 19:02,5.43,2.15,0.46,0.09,206748.73,610.69,117.86,0,7,3
12/1/2021 19:07,5.43,1.95,0.41,0.09,207360.8,612.84,118.31,0,7,3
12/1/2021 19:12,5.38,1.63,0.35,0.08,207897.3,614.75,118.73,0,7,3
12/1/2021 19:17,5.36,1.77,0.38,0.08,208425.23,616.64,119.15,0,7,3
12/1/2021 19:22,5.34,1.56,0.32,0.08,208921.11,618.41,119.54,0,7,3
12/1/2021 19:27,5.34,1.53,0.32,0.07,209408.75,620.15,119.93,0,7,3
12/1/2021 19:32,5.34,1.62,0.35,0.08,209891.36,621.87,120.32,0,7,3
12/1/2021 19:37,5.31,1.53,0,0,210360.83,622.93,120.56,0,0,0
12/1/2021 19:42,5.3,1.52,0.32,0.07,210840.22,623.21,120.63,0,7,3
12/1/2021 19:47,5.3,1.68,0.36,0.08,211312.31,624.89,121.01,0,7,3
12/1/2021 19:52,5.29,1.67,0.36,0.08,211795.48,626.61,121.4,0,7,3
12/1/2021 19:57,5.31,1.64,0.35,0.08,212281.19,628.33,121.79,0,7,3
12/1/2021 20:02,5.3,1.72,0.38,0.08,212777.39,630.12,122.18,0,7,3
12/1/2021 20:07,5.29,1.6,0.34,0.08,213291.61,631.95,122.59,0,7,3
12/1/2021 20:12,5.28,1.68,0.36,0.08,213784.03,633.71,122.98,0,7,3
12/1/2021 20:17,5.29,1.95,0,0,214325.78,634.88,123.24,0,0,0
12/1/2021 20:22,5.27,2.7,0.57,0.11,215037.77,635.33,123.33,0,7,3
12/1/2021 20:27,5.29,2.93,0.61,0.12,215835.95,638.12,123.88,0,7,3
12/1/2021 20:32,5.33,3.24,0.69,0.14,216792.16,641.46,124.52,0,7,3
12/1/2021 20:37,5.34,4.09,0.83,0.15,217805.45,645.01,125.19,0,7,3
12/1/2021 20:42,5.34,2.72,0.57,0.11,218895.16,648.8,125.9,0,7,3
12/1/2021 20:47,5.34,3.9,0.81,0.15,220054.86,652.82,126.65,0,7,3
12/1/2021 20:52,5.35,2.74,0.57,0.11,221156.64,656.65,127.36,0,7,3
12/1/2021 20:57,5.35,2.6,0,0,222198.94,658.95,127.79,0,0,0
12/1/2021 21:02,5.34,2.95,0.62,0.12,223060.78,659.37,127.88,0,7,3
12/1/2021 21:07,5.34,2.51,0.53,0.1,223887.03,662.28,128.45,0,7,3
12/1/2021 21:12,5.35,2.64,0.55,0.11,224605.98,664.78,128.96,0,7,3
12/1/2021 21:17,5.35,2.32,0.49,0.1,225275.92,667.14,129.44,0,7,3
12/1/2021 21:22,5.35,2.2,0.46,0.1,225918.48,669.39,129.91,0,7,3
12/1/2021 21:27,5.33,1.91,0.41,0.09,226534.89,671.55,130.37,0,7,3
12/1/2021 21:32,5.33,1.84,0.4,0.08,227112.61,673.58,130.8,0,7,3
12/1/2021 21:37,5.34,2.34,0,0,227743.47,674.89,131.09,0,0,0
12/1/2021 21:42,5.32,2.59,0.55,0.11,228460.02,675.35,131.18,0,7,3
12/1/2021 21:47,5.34,4.29,0.89,0.16,229331.61,678.39,131.77,0,7,3
12/1/2021 21:52,5.33,4.33,0.9,0.16,230446.61,682.27,132.49,0,7,3
12/1/2021 21:57,5.33,2.81,0.6,0.12,231400.84,685.61,133.12,0,7,3
12/1/2021 22:02,5.32,3.31,0.69,0.13,232558.78,689.64,133.87,0,7,3
12/1/2021 22:07,5.33,4.07,0.85,0.16,233683.38,693.54,134.59,0,7,3
12/1/2021 22:12,5.33,3.59,0.75,0.14,234747.86,697.26,135.29,0,7,3
12/1/2021 22:17,5.35,3.52,0,0,235848.16,699.63,135.73,0,0,0
12/1/2021 22:22,5.36,3.84,0.8,0.15,236932.7,700.25,135.86,0,7,3
12/1/2021 22:27,5.37,4.11,0.85,0.16,237988.48,703.93,136.54,0,7,3
12/1/2021 22:32,5.37,3.1,0.69,0.13,239070.69,707.68,137.24,0,7,3
12/1/2021 22:37,5.38,3.71,0.77,0.14,240149.97,711.44,137.95,0,7,3
12/1/2021 22:42,5.4,3.72,0.78,0.14,241174.27,715.01,138.62,0,7,3
12/1/2021 22:47,5.38,3.64,0.76,0.14,242293.58,718.89,139.34,0,7,3
12/1/2021 22:52,5.36,3.67,0.76,0.14,243356.5,722.6,140.03,0,7,3
12/1/2021 22:57,5.37,3.24,0,0,244369.23,724.8,140.45,0,0,0
12/1/2021 23:02,5.35,2.91,0.63,0.12,245428.48,725.46,140.57,0,7,3
12/1/2021 23:07,5.36,3.83,0.8,0.15,246461.36,729.06,141.25,0,7,3
12/1/2021 23:12,5.38,2.64,0.55,0.11,247472.64,732.58,141.91,0,7,3
12/1/2021 23:17,5.39,3.5,0.73,0.14,248523.98,736.2,142.6,0,7,3
12/1/2021 23:22,5.4,3.7,0.78,0.14,249607.14,739.97,143.3,0,7,3
12/1/2021 23:27,5.41,3.4,0.71,0.13,250684.61,743.71,144,0,7,3
12/1/2021 23:32,5.41,3,0.63,0.12,251731.17,747.35,144.68,0,7,3
12/1/2021 23:37,5.38,3.23,0,0,252833.14,749.71,145.12,0,0,0
12/1/2021 23:42,5.36,3.14,0.66,0.13,253812.92,750.37,145.25,0,7,3
12/1/2021 23:47,5.35,3.62,0.75,0.14,254804.16,753.82,145.9,0,7,3
12/1/2021 23:52,5.35,3.39,0.71,0.13,255831.08,757.41,146.58,0,7,3
12/1/2021 23:57,5.36,3.26,0.59,0.13,256819.25,760.85,147.23,0,7,3
12/2/2021 0:02,5.4,4.3,0.89,0.16,414.31,1.43,0.27,0,7,3
12/2/2021 0:07,5.41,3.12,0.65,0.12,1405.18,4.9,0.93,0,7,3
12/2/2021 0:12,5.42,2.38,0.49,0.1,2201.59,7.67,1.48,0,7,3
12/2/2021 0:17,5.42,2.31,0,0,2898.61,9.22,1.8,0,0,0
12/2/2021 0:22,5.42,1.96,0.41,0.09,3531.61,9.58,1.88,0,7,3
12/2/2021 0:27,5.43,2.03,0.42,0.09,4104.46,11.6,2.32,0,7,3
12/2/2021 0:32,5.36,1.38,0.29,0.07,4600.53,13.35,2.71,0,7,3
12/2/2021 0:37,5.34,1.7,0.36,0.08,5102.68,15.14,3.1,0,7,3
12/2/2021 0:42,5.35,1.72,0.37,0.08,5603.53,16.92,3.5,0,7,3
12/2/2021 0:47,5.33,1.62,0.35,0.08,6080.88,18.61,3.89,0,7,3
12/2/2021 0:52,5.33,1.67,0.35,0.08,6567.46,20.34,4.28,0,7,3
12/2/2021 0:57,5.28,1.74,0,0,7061.19,21.44,4.52,0,0,0
12/2/2021 1:02,5.29,1.59,0.34,0.08,7552.22,21.73,4.58,0,7,3
12/2/2021 1:07,5.28,1.63,0.35,0.08,8025.07,23.41,4.97,0,7,3
12/2/2021 1:12,5.26,1.61,0.33,0.08,8510.74,25.14,5.35,0,7,3
12/2/2021 1:17,5.28,1.65,0.35,0.08,9000.34,26.88,5.75,0,7,3
12/2/2021 1:22,5.26,1.66,0.35,0.08,9511.42,28.69,6.15,0,7,3
12/2/2021 1:27,5.26,1.76,0.38,0.08,10016.21,30.5,6.55,0,7,3
12/2/2021 1:32,5.27,2.87,0.55,0.11,10651.71,32.73,7.01,0,7,3
12/2/2021 1:37,5.27,3.08,0,0,11442.28,34.45,7.35,0,0,0
12/2/2021 1:42,5.26,2.81,0.55,0.12,12499.64,35.09,7.47,0,7,3
12/2/2021 1:47,5.28,3.64,0.76,0.14,13423.25,38.31,8.09,0,7,3
12/2/2021 1:52,5.37,3.6,0.75,0.14,14504.58,42.08,8.79,0,7,3
12/2/2021 1:57,5.39,3.61,0.76,0.14,15671.85,46.13,9.54,0,7,3
12/2/2021 2:02,5.4,3.66,0.74,0.14,16774.31,49.95,10.25,0,7,3
12/2/2021 2:07,5.39,2.44,0.51,0.1,17790.69,53.49,10.92,0,7,3
12/2/2021 2:12,5.4,3.14,0.66,0.13,18717.47,56.71,11.54,0,7,3
12/2/2021 2:17,5.36,2.88,0,0,19506.56,58.42,11.87,0,0,0
12/2/2021 2:22,5.34,2.68,0.56,0.11,20268.33,58.89,11.97,0,7,3
12/2/2021 2:27,5.34,2.24,0.47,0.1,20974.27,61.35,12.47,0,7,3
12/2/2021 2:32,5.34,2.18,0.45,0.1,21649.45,63.72,12.95,0,7,3
12/2/2021 2:37,5.34,1.77,0.37,0.08,22276.96,65.91,13.41,0,7,3
12/2/2021 2:42,5.32,2.14,0.45,0.09,22883.96,68.03,13.87,0,7,3
12/2/2021 2:47,5.32,2.2,0.46,0.09,23511.17,70.23,14.32,0,7,3
12/2/2021 2:52,5.32,2.74,0.58,0.12,24287.79,72.94,14.86,0,7,3
12/2/2021 2:57,5.32,4.33,0,0,25223.12,74.77,15.22,0,0,0
12/2/2021 3:02,5.32,2.93,0.62,0.12,26193.69,75.32,15.33,0,7,3
12/2/2021 3:07,5.34,3.67,0.77,0.14,27345.18,79.32,16.07,0,7,3
12/2/2021 3:12,5.35,3.1,0.66,0.13,28516.41,83.38,16.82,0,7,3
12/2/2021 3:17,5.34,4.62,1.03,0.18,29862.12,88.06,17.66,0,7,3
12/2/2021 3:22,5.34,3.46,0.72,0.13,30842.13,91.5,18.31,0,7,3
12/2/2021 3:27,5.33,3.33,0.69,0.13,31845.18,94.97,18.97,0,7,3
12/2/2021 3:32,5.33,4.06,0.85,0.16,32931.53,98.76,19.68,0,7,3
12/2/2021 3:37,5.35,3.71,0,0,34065.61,101.24,20.13,0,0,0
12/2/2021 3:42,5.36,3.18,0.69,0.13,35101.48,101.87,20.25,0,7,3
12/2/2021 3:47,5.36,5.07,0.89,0.17,36185.07,105.6,20.95,0,7,3
12/2/2021 3:52,5.37,3.87,0.8,0.15,37344.13,109.63,21.69,0,7,3
12/2/2021 3:57,5.38,2.26,0.47,0.1,38363.03,113.18,22.36,0,7,3
12/2/2021 4:02,5.39,3.8,0.81,0.15,39481.15,117.07,23.08,0,7,3
12/2/2021 4:07,5.41,3.79,0.79,0.14,40763.46,121.53,23.9,0,7,3
12/2/2021 4:12,5.41,4.08,0.84,0.16,41922.43,125.55,24.64,0,7,3
12/2/2021 4:17,5.4,3.54,0,0,43010.76,127.89,25.07,0,0,0
12/2/2021 4:22,5.39,3.61,0.75,0.14,44060.5,128.52,25.2,0,7,3
12/2/2021 4:27,5.4,3.62,0.75,0.14,45203.69,132.5,25.93,0,7,3
12/2/2021 4:32,5.37,5.01,1.02,0.18,46316.85,136.36,26.65,0,7,3
12/2/2021 4:37,5.35,2.66,0.56,0.11,47456.77,140.33,27.38,0,7,3
12/2/2021 4:42,5.34,2.77,0.55,0.11,48552.91,144.15,28.09,0,7,3
12/2/2021 4:47,5.33,3.71,0.77,0.14,49585.65,147.75,28.77,0,7,3
12/2/2021 4:52,5.34,3.65,0.76,0.14,50650.16,151.44,29.46,0,7,3
12/2/2021 4:57,5.34,2.68,0,0,51688.16,153.98,29.92,0,0,0
12/2/2021 5:02,5.34,2.9,0.67,0.13,52807.67,154.55,30.04,0,7,3
12/2/2021 5:07,5.35,3.83,0.79,0.14,53821.8,158.08,30.7,0,7,3
12/2/2021 5:12,5.35,4.7,0.98,0.17,54933.51,161.93,31.42,0,7,3
12/2/2021 5:17,5.36,4.4,0.91,0.16,55971.43,165.54,32.1,0,7,3
12/2/2021 5:22,5.4,3.76,0.78,0.14,56920.83,168.85,32.73,0,7,3
12/2/2021 5:27,5.42,2.67,0.56,0.11,57917.56,172.32,33.39,0,7,3
12/2/2021 5:32,5.41,2.81,0.59,0.11,58741.11,175.2,33.95,0,7,3
12/2/2021 5:37,5.42,1.96,0,0,59387.79,176.62,34.24,0,0,0
12/2/2021 5:42,5.43,1.96,0.41,0.09,59972.79,176.95,34.31,0,7,3
12/2/2021 5:47,5.44,2.1,0.44,0.09,60515.56,178.87,34.73,0,7,3
12/2/2021 5:52,5.34,1.75,0.38,0.08,61046.46,180.75,35.14,0,7,3
12/2/2021 5:57,5.33,1.61,0.34,0.08,61546.93,182.53,35.54,0,7,3
12/2/2021 6:02,5.32,1.67,0.35,0.08,62031.33,184.25,35.93,0,7,3
12/2/2021 6:07,5.31,1.69,0.36,0.08,62533.84,186.04,36.32,0,7,3
12/2/2021 6:12,5.3,1.47,0.31,0.08,63024.25,187.78,36.71,0,7,3
12/2/2021 6:17,5.26,1.63,0,0,63500.6,188.82,36.95,0,0,0
12/2/2021 6:22,5.27,1.57,0.32,0.07,63987.82,189.13,37.02,0,7,3
12/2/2021 6:27,5.26,1.59,0.34,0.08,64486.26,190.9,37.42,0,7,3
12/2/2021 6:32,5.26,1.71,0.36,0.08,64976.55,192.63,37.8,0,7,3
12/2/2021 6:37,5.26,1.72,0.37,0.08,65470.45,194.39,38.2,0,7,3
12/2/2021 6:42,5.26,1.94,0.41,0.09,66012.66,196.31,38.61,0,7,3
12/2/2021 6:47,5.26,2.52,0.54,0.11,66645.35,198.51,39.08,0,7,3
12/2/2021 6:52,5.25,2.83,0.6,0.12,67451.81,201.34,39.63,0,7,3
12/2/2021 6:57,5.25,4.12,0,0,68448.4,203.37,40.02,0,0,0
12/2/2021 7:02,5.26,2.23,0.47,0.1,69529.34,203.95,40.13,0,7,3
12/2/2021 7:07,5.27,3.73,0.74,0.14,70605.07,207.66,40.83,0,7,3
12/2/2021 7:12,5.35,3.48,0.73,0.14,71692.43,211.45,41.53,0,7,3
12/2/2021 7:17,5.35,4.36,0.91,0.16,72771.66,215.21,42.24,0,7,3
12/2/2021 7:22,5.36,3.04,0.63,0.12,73870.98,219.02,42.94,0,7,3
12/2/2021 7:27,5.37,2.61,0.56,0.11,74765.93,222.14,43.55,0,7,3
12/2/2021 7:32,5.38,2.63,0.55,0.11,75562.67,224.91,44.09,0,7,3
12/2/2021 7:37,5.32,2.54,0,0,76252.02,226.38,44.4,0,0,0
12/2/2021 7:42,5.3,2.18,0.46,0.09,76962.7,226.84,44.49,0,7,3
12/2/2021 7:47,5.29,2.34,0.49,0.1,77612.65,229.1,44.96,0,7,3
12/2/2021 7:52,5.29,1.92,0.41,0.09,78227.21,231.26,45.41,0,7,3
12/2/2021 7:57,5.29,2.08,0.42,0.09,78838.52,233.41,45.87,0,7,3
12/2/2021 8:02,5.27,1.8,0.38,0.08,79408.87,235.41,46.3,0,7,3
12/2/2021 8:07,5.27,1.9,0.4,0.09,79960.98,237.36,46.72,0,7,3
12/2/2021 8:12,5.27,2.69,0.52,0.11,80655.32,239.8,47.21,0,7,3
12/2/2021 8:17,5.27,3.76,0,0,81468.29,241.48,47.55,0,0,0
12/2/2021 8:22,5.27,2.96,0.66,0.13,82502.2,242.06,47.66,0,7,3
12/2/2021 8:27,5.28,3.59,0.74,0.14,83494.7,245.52,48.32,0,7,3
12/2/2021 8:32,5.36,3.79,0.78,0.14,84563.01,249.26,49.02,0,7,3
12/2/2021 8:37,5.37,3.88,0.81,0.15,85690.52,253.17,49.74,0,7,3
12/2/2021 8:42,5.37,3.83,0.81,0.15,86830.16,257.11,50.47,0,7,3
12/2/2021 8:47,5.38,3.85,0.8,0.15,87974.67,261.08,51.2,0,7,3
12/2/2021 8:52,5.39,3.75,0.78,0.14,89110.58,265.02,51.93,0,7,3
12/2/2021 8:57,5.38,3.84,0,0,90246.89,267.47,52.38,0,0,0
12/2/2021 9:02,5.37,3.61,0.74,0.14,91388.83,268.18,52.51,0,7,3
12/2/2021 9:07,5.37,3.66,0.76,0.14,92516.28,272.09,53.23,0,7,3
12/2/2021 9:12,5.37,3.61,0.75,0.14,93625.69,275.95,53.95,0,7,3
12/2/2021 9:17,5.39,3.61,0.75,0.14,94677.28,279.59,54.64,0,7,3
12/2/2021 9:22,5.39,3.77,0.78,0.15,95749.02,283.33,55.34,0,7,3
12/2/2021 9:27,5.38,3.84,0.8,0.15,96828.13,287.08,56.03,0,7,3
12/2/2021 9:32,5.37,3.52,0.74,0.14,97882.1,290.75,56.72,0,7,3
12/2/2021 9:37,5.37,3.61,0,0,98942.34,292.98,57.15,0,0,0
12/2/2021 9:42,5.36,3.46,0.72,0.14,100011.73,293.66,57.28,0,7,3
12/2/2021 9:47,5.37,3.95,0.8,0.14,101074.77,297.35,57.97,0,7,3
12/2/2021 9:52,5.36,3.54,0.74,0.14,102147.3,301.09,58.67,0,7,3
12/2/2021 9:57,5.36,3.48,0.73,0.14,103201.16,304.76,59.36,0,7,3
12/2/2021 10:02,5.36,3.76,0.78,0.14,104232.79,308.36,60.04,0,7,3
12/2/2021 10:07,5.36,3.65,0.77,0.14,105468.95,312.68,60.82,0,7,3
12/2/2021 10:12,5.39,4.29,0.89,0.16,106508.41,316.3,61.5,0,7,3
12/2/2021 10:17,5.41,4.27,0,0,107639.85,318.54,61.93,0,0,0
12/2/2021 10:22,5.42,4.7,0.99,0.18,108857.1,319.4,62.08,0,7,3
12/2/2021 10:27,5.42,4.89,1.02,0.18,110139.15,323.89,62.9,0,7,3
12/2/2021 10:32,5.42,3.53,0.73,0.14,111161.51,327.43,63.57,0,7,3
12/2/2021 10:37,5.43,3.61,0.74,0.14,112090.5,330.69,64.19,0,7,3
12/2/2021 10:42,5.41,2.65,0.55,0.11,112921.59,333.62,64.77,0,7,3
12/2/2021 10:47,5.4,2.33,0.49,0.1,113626.3,336.09,65.27,0,7,3
12/2/2021 10:52,5.4,1.99,0.42,0.09,114244.8,338.26,65.73,0,7,3
12/2/2021 10:57,5.38,1.84,0,0,114802.74,339.5,65.99,0,0,0
12/2/2021 11:02,5.39,1.8,0.39,0.08,115331.97,339.84,66.07,0,7,3
12/2/2021 11:07,5.41,1.7,0.37,0.08,115849.91,341.7,66.48,0,7,3
12/2/2021 11:12,5.33,1.76,0.38,0.08,116341.88,343.46,66.87,0,7,3
12/2/2021 11:17,5.33,1.7,0.37,0.08,116832.2,345.21,67.26,0,7,3
12/2/2021 11:22,5.32,1.55,0.34,0.08,117275.24,346.8,67.63,0,7,3
12/2/2021 11:27,5.31,1.67,0.36,0.08,117760.11,348.53,68.02,0,7,3
12/2/2021 11:32,5.3,1.68,0.36,0.08,118259.23,350.32,68.42,0,7,3
12/2/2021 11:37,5.31,1.68,0,0,118766.87,351.44,68.67,0,0,0
12/2/2021 11:42,5.3,1.66,0.36,0.08,119252.61,351.75,68.74,0,7,3
12/2/2021 11:47,5.31,1.69,0.37,0.08,119760.16,353.58,69.14,0,7,3
12/2/2021 11:52,5.3,1.72,0.38,0.08,120255.99,355.36,69.54,0,7,3
12/2/2021 11:57,5.3,1.76,0.38,0.08,120765.52,357.19,69.94,0,7,3
12/2/2021 12:02,5.29,1.43,0.31,0.07,121272.74,359.01,70.35,0,7,3
12/2/2021 12:07,5.29,1.61,0.34,0.08,121776.91,360.83,70.75,0,7,3
12/2/2021 12:12,5.28,1.69,0.37,0.08,122260.59,362.55,71.14,0,7,3
12/2/2021 12:17,5.28,1.62,0,0,122754.71,363.63,71.38,0,0,0
12/2/2021 12:22,5.27,1.26,0.27,0.07,123240.29,363.93,71.45,0,7,3
12/2/2021 12:27,5.29,1.63,0.42,0.08,123745.96,365.74,71.85,0,7,3
12/2/2021 12:32,5.24,1.59,0.36,0.08,124220.96,367.44,72.24,0,7,3
12/2/2021 12:37,5.23,1.67,0.36,0.08,124649.41,368.98,72.6,0,7,3
12/2/2021 12:42,5.22,1.7,0.38,0.08,125098.47,370.59,72.97,0,7,3
12/2/2021 12:47,5.22,0,0,0.04,125498.63,372.03,73.32,0,0,3
12/2/2021 12:52,5.21,0.92,0.2,0.06,125811.25,373.04,73.61,0,7,3
12/2/2021 12:57,5.29,1.17,0,0,126147.56,373.77,73.81,0,0,0
12/2/2021 13:02,5.31,1.83,0.39,0.08,126496.83,373.94,73.85,0,7,3
12/2/2021 13:07,5.3,1.5,0.32,0.08,126966.58,375.6,74.23,0,7,3
12/2/2021 13:12,5.3,2.09,0.45,0.08,127482.95,377.44,74.64,0,7,3
12/2/2021 13:17,5.3,1.41,0.31,0.08,127912.86,378.96,75,0,7,3
12/2/2021 13:22,5.17,1.18,0.26,0.06,128291.6,380.28,75.32,0,7,3
12/2/2021 13:27,5.16,1.28,0.34,0.08,128641.98,381.53,75.64,0,7,3
12/2/2021 13:32,5.15,1.05,0.23,0.06,129039.74,382.96,75.98,0,7,3
12/2/2021 13:37,5.13,1.22,0,0,129330.33,383.76,76.19,0,0,0
12/2/2021 13:42,5.11,0,0,0.04,129579.92,383.8,76.21,0,0,3
12/2/2021 13:47,5.12,0,0,0.04,129749.19,384.26,76.43,0,0,3
12/2/2021 13:52,5.33,0,0,0.04,129925.88,384.85,76.65,0,0,0
12/2/2021 13:57,5.36,0,0,0.04,130092.4,385.36,76.82,0,0,3
12/2/2021 14:02,5.42,1.59,0.34,0.08,130288.56,385.99,77.04,0,7,3
12/2/2021 14:07,5.41,0.34,0.24,0.04,130596.93,387.08,77.33,0,7,3
12/2/2021 14:12,5.38,0.43,0,0.04,130822.47,387.83,77.58,0,7,3
12/2/2021 14:17,5.36,0.8,0.18,0.04,131025.41,388.51,77.82,0,7,3
12/2/2021 14:22,5.34,1.03,0,0,131259.06,388.73,77.9,0,0,0
12/2/2021 14:27,5.34,0.66,0,0.04,131494.94,389.04,78,0,7,3
12/2/2021 14:32,5.37,0.94,0.2,0.06,131656.11,389.53,78.22,0,7,3
12/2/2021 14:37,5.43,0,0,0.04,131936.94,390.55,78.5,0,0,3
12/2/2021 14:42,5.31,0.57,0.13,0.04,132124.83,391.16,78.73,0,7,3
12/2/2021 14:47,5.27,0,0,0.04,132343.88,391.93,78.98,0,0,3
12/2/2021 14:52,5.26,0.5,0,0.04,132521.97,392.44,79.2,0,7,3
12/2/2021 14:57,5.24,0,0,0.04,132663.28,392.87,79.43,0,0,0
12/2/2021 15:02,5.22,0.87,0,0,132755.47,393.08,79.58,0,0,0
12/2/2021 15:07,5.2,0,0,0,132843.5,393.08,79.58,0,0,0
12/2/2021 15:12,5.19,0,0,0,132851.25,393.09,79.6,0,0,0
12/2/2021 15:17,5.19,0.44,0,0,132860.34,393.09,79.63,0,7,3
12/2/2021 15:22,5.19,0.32,0,0.04,132966.19,393.42,79.79,0,7,3
12/2/2021 15:27,5.21,0,0,0.04,133097.58,393.85,79.98,0,0,0
12/2/2021 15:32,5.28,0,0,0,133097.58,393.85,79.98,0,0,0
12/2/2021 15:37,5.3,0,0,0.04,133105.53,393.85,80.01,0,0,3
12/2/2021 15:42,5.31,0,0,0,133122.2,393.88,80.08,0,0,0
12/2/2021 15:47,5.51,0,0,0,133163.09,393.99,80.16,0,0,0
12/2/2021 15:52,5.59,0,0,0,133165.84,393.99,80.17,0,0,0
12/2/2021 15:57,5.62,0,0,0,133169.11,393.99,80.19,0,0,0
12/2/2021 16:02,5.66,0,0,0,133188.14,393.99,80.23,0,0,3
12/2/2021 16:07,5.68,0.4,0,0,133248.08,394.12,80.34,0,7,3
12/2/2021 16:12,5.69,0,0,0,133257.27,394.15,80.36,0,0,0
12/2/2021 16:17,5.72,0,0,0,133262.3,394.15,80.38,0,0,0
12/2/2021 16:22,5.74,0,0,0,133262.3,394.15,80.38,0,0,0
12/2/2021 16:27,5.75,0,0,0,133271.25,394.15,80.41,0,0,0
12/2/2021 16:32,5.77,0.47,0,0,133274.94,394.15,80.42,0,0,0
12/2/2021 16:37,5.77,0.67,0.14,0.04,133491.23,394.85,80.65,0,7,3
12/2/2021 16:42,5.71,1.04,0.22,0.06,133722.08,395.68,80.89,0,7,3
12/2/2021 16:47,5.65,1.02,0.2,0.04,133983.05,396.63,81.15,0,7,3
12/2/2021 16:52,5.6,0.66,0,0,134231.64,396.65,81.15,0,0,0
12/2/2021 16:57,5.57,0,0,0,134249.48,396.65,81.15,0,0,0
12/2/2021 17:02,5.55,0,0,0,134249.48,396.65,81.15,0,0,0
12/2/2021 17:07,5.53,1.27,0,0.06,134355.98,396.95,81.29,0,7,3
12/2/2021 17:12,5.56,2.33,0.49,0.1,134796.58,398.49,81.65,0,7,3
12/2/2021 17:17,5.48,1.36,0.3,0.06,135357.31,400.46,82.08,0,7,3
12/2/2021 17:22,5.44,1.06,0.23,0.06,135724.91,401.78,82.4,0,7,3
12/2/2021 17:27,5.44,1.53,0.32,0.08,136067.33,403.03,82.71,0,7,3
12/2/2021 17:32,5.42,1.06,0.23,0.06,136491.55,404.56,83.06,0,7,3
12/2/2021 17:37,5.42,1.01,0.22,0.06,136922.44,406.1,83.42,0,7,3
12/2/2021 17:42,5.44,1.43,0,0,137346.48,406.46,83.51,0,0,0
12/2/2021 17:47,5.44,1.56,0.33,0.08,137791.41,407.31,83.71,0,7,3
12/2/2021 17:52,5.44,1.57,0.33,0.08,138275.38,409.04,84.1,0,7,3
12/2/2021 17:57,5.44,1.4,0.3,0.07,138751.92,410.74,84.48,0,7,3
12/2/2021 18:02,5.43,1.68,0.36,0.08,139244.88,412.5,84.88,0,7,3
12/2/2021 18:07,5.41,1.63,0.35,0.08,139735.23,414.25,85.27,0,7,3
12/2/2021 18:12,5.4,1.67,0.36,0.08,140220.38,415.98,85.66,0,7,3
12/2/2021 18:17,5.4,1.68,0.37,0.08,140714.61,417.75,86.06,0,7,3
12/2/2021 18:22,5.4,1.61,0,0,141205.02,418.23,86.17,0,0,0
12/2/2021 18:27,5.39,1.71,0.37,0.08,141712.41,419.23,86.38,0,7,3
12/2/2021 18:32,5.4,1.78,0.38,0.08,142216.66,421.03,86.78,0,7,3
12/2/2021 18:37,5.39,1.88,0.4,0.09,142788.72,423.05,87.22,0,7,3
12/2/2021 18:42,5.38,2.39,0.5,0.11,143546.14,425.71,87.75,0,7,3
12/2/2021 18:47,5.38,3.74,0.78,0.14,144457.61,428.89,88.36,0,7,3
12/2/2021 18:52,5.38,3,0.65,0.1,145573.34,432.76,89.08,0,7,3
12/2/2021 18:57,5.37,5.17,1.08,0.19,146859.72,437.25,89.9,0,7,3
12/2/2021 19:02,5.37,4.19,0,0,148243.06,438.7,90.16,0,0,0
12/2/2021 19:07,5.36,3.4,0.72,0.14,149271.42,440.6,90.51,0,7,3
12/2/2021 19:12,5.37,2.58,0.54,0.11,150214.28,443.88,91.14,0,7,3
12/2/2021 19:17,5.36,2.31,0.53,0.11,151043.06,446.79,91.71,0,7,3
12/2/2021 19:22,5.37,2.6,0.54,0.11,151784.09,449.38,92.23,0,7,3
12/2/2021 19:27,5.37,2.33,0.49,0.1,152464.03,451.76,92.72,0,7,3
12/2/2021 19:32,5.37,2.07,0.43,0.1,153139.53,454.13,93.21,0,7,3
12/2/2021 19:37,5.36,2.06,0.43,0.09,153768.83,456.33,93.67,0,7,3
12/2/2021 19:42,5.36,1.98,0,0,154369.34,456.9,93.78,0,0,0
12/2/2021 19:47,5.36,2.01,0.42,0.09,154957.25,457.98,94.02,0,7,3
12/2/2021 19:52,5.36,1.87,0.4,0.09,155506.8,459.92,94.44,0,7,3
12/2/2021 19:57,5.34,2.09,0.41,0.09,156126.39,462.1,94.9,0,7,3
12/2/2021 20:02,5.34,2.52,0.53,0.11,156812.23,464.5,95.39,0,7,3
12/2/2021 20:07,5.33,2.9,0.68,0.13,157643.64,467.41,95.96,0,7,3
12/2/2021 20:12,5.32,4.14,0.87,0.16,158596.14,470.73,96.6,0,7,3
12/2/2021 20:17,5.33,4.69,0.98,0.17,159795.44,474.9,97.36,0,7,3
12/2/2021 20:22,5.34,4.72,0,0,161039.27,476.08,97.58,0,0,0
12/2/2021 20:27,5.33,3.59,0.75,0.14,162209.13,478.12,97.96,0,7,3
12/2/2021 20:32,5.34,4.11,0.85,0.16,163273.2,481.81,98.65,0,7,3
12/2/2021 20:37,5.34,3.61,0.75,0.14,164300.38,485.38,99.33,0,7,3
12/2/2021 20:42,5.35,5.1,1.06,0.19,165405.95,489.23,100.04,0,7,3
12/2/2021 20:47,5.39,4.72,1.01,0.18,166517.48,493.13,100.77,0,7,3
12/2/2021 20:52,5.39,4.77,0.99,0.18,167924.34,498.01,101.64,0,7,3
12/2/2021 20:57,5.39,2.58,0.54,0.13,169200.89,502.46,102.45,0,7,3
12/2/2021 21:02,5.4,3.86,0,0,170428.38,503.34,102.61,0,0,0
12/2/2021 21:07,5.41,4.1,0.85,0.16,171455.91,505.36,103,0,7,3
12/2/2021 21:12,5.38,4.34,0.91,0.16,172680,509.61,103.77,0,7,3
12/2/2021 21:17,5.35,4.14,0.86,0.15,173811.13,513.55,104.5,0,7,3
12/2/2021 21:22,5.35,3.07,0.65,0.12,175041.22,517.83,105.28,0,7,3
12/2/2021 21:27,5.35,2.52,0.55,0.11,176032.53,521.26,105.93,0,7,3
12/2/2021 21:32,5.32,4.7,0.98,0.18,177312.39,525.72,106.74,0,7,3
12/2/2021 21:37,5.31,3.2,0.88,0.13,178497.41,529.83,107.49,0,7,3
12/2/2021 21:42,5.32,3.81,0,0,179823.53,530.89,107.69,0,0,0
12/2/2021 21:47,5.32,4.99,1.04,0.19,180908.52,532.87,108.06,0,7,3
12/2/2021 21:52,5.32,4.25,0.82,0.15,182180.8,537.3,108.87,0,7,3
12/2/2021 21:57,5.32,4.09,0.85,0.16,183244.13,541,109.56,0,7,3
12/2/2021 22:02,5.35,3.05,0.64,0.12,183914.52,543.36,110.04,0,7,3
12/2/2021 22:07,5.38,2.38,0.5,0.1,184619.84,545.82,110.54,0,7,3
12/2/2021 22:12,5.38,1.68,0.36,0.08,185248.83,548.03,111.01,0,7,3
12/2/2021 22:17,5.37,2.04,0.43,0.09,185794.45,549.96,111.42,0,7,3
12/2/2021 22:22,5.37,1.77,0,0,186347.94,550.44,111.54,0,0,0
12/2/2021 22:27,5.37,1.87,0.4,0.09,186887.88,551.49,111.76,0,7,3
12/2/2021 22:32,5.35,1.42,0.31,0.08,187415.38,553.36,112.17,0,7,3
12/2/2021 22:37,5.29,1.33,0.28,0.07,187895.89,555.07,112.56,0,7,3
12/2/2021 22:42,5.26,1.68,0.36,0.08,188385.25,556.8,112.95,0,7,3
12/2/2021 22:47,5.26,1.67,0.36,0.08,188892.66,558.62,113.35,0,7,3
12/2/2021 22:52,5.25,1.75,0.38,0.08,189379.73,560.36,113.74,0,7,3
12/2/2021 22:57,5.25,1.72,0.37,0.08,189876.3,562.12,114.13,0,7,3
12/2/2021 23:02,5.25,1.61,0,0,190368.92,562.54,114.22,0,0,0
12/2/2021 23:07,5.25,1.8,0.39,0.08,190871.86,563.55,114.44,0,7,3
12/2/2021 23:12,5.25,2.37,0.5,0.1,191434.08,565.54,114.87,0,7,3
12/2/2021 23:17,5.25,2.77,0.58,0.11,192128.77,567.97,115.37,0,7,3
12/2/2021 23:22,5.27,3.27,0.69,0.13,192968.17,570.9,115.94,0,7,3
12/2/2021 23:27,5.31,4.71,0.98,0.18,193984.22,574.45,116.61,0,7,3
12/2/2021 23:32,5.3,3.4,0.7,0.13,195218.17,578.73,117.39,0,7,3
12/2/2021 23:37,5.3,3.32,0.69,0.13,196220.22,582.2,118.05,0,7,3
12/2/2021 23:42,5.31,3.85,0,0,197402.64,583.25,118.24,0,0,0
12/2/2021 23:47,5.3,3.33,0.69,0.14,198489.89,585.2,118.61,0,7,3
12/2/2021 23:52,5.32,3.97,0.82,0.15,199454.98,588.57,119.25,0,7,3
12/2/2021 23:57,5.31,2.71,0.57,0.11,200352.28,591.7,119.85,0,7,3
12/3/2021 0:02,5.3,2.59,0.54,0.11,341.27,1.2,0.24,0,7,3
12/3/2021 0:07,5.3,2.44,0.52,0.1,1055.63,3.69,0.74,0,7,3
12/3/2021 0:12,5.29,2.2,0.45,0.09,1734.14,6.06,1.23,0,7,3
12/3/2021 0:17,5.29,1.99,0.42,0.09,2361.24,8.25,1.69,0,7,3
12/3/2021 0:22,5.29,1.63,0,0,2993.87,8.81,1.81,0,0,0
12/3/2021 0:27,5.29,2.03,0.42,0.09,3606.58,10,2.05,0,7,3
12/3/2021 0:32,5.27,1.77,0.38,0.08,4215.23,12.14,2.51,0,7,3
12/3/2021 0:37,5.27,2.44,0.51,0.1,4816.53,14.24,2.95,0,7,3
12/3/2021 0:42,5.3,2.6,0.55,0.11,5504.05,16.65,3.44,0,7,3
12/3/2021 0:47,5.32,2.76,0.58,0.11,6376.7,19.69,4.03,0,7,3
12/3/2021 0:52,5.3,3.92,0.81,0.15,7382.94,23.18,4.69,0,7,3
12/3/2021 0:57,5.3,2.93,0.61,0.12,8510.9,27.08,5.42,0,7,3
12/3/2021 1:02,5.31,2.96,0,0,9563.4,27.91,5.58,0,0,0
12/3/2021 1:07,5.31,3.05,0.64,0.12,10720.03,29.95,5.96,0,7,3
12/3/2021 1:12,5.34,4.28,0.94,0.17,11826.02,33.8,6.68,0,7,3
12/3/2021 1:17,5.35,4.34,0.9,0.16,12959.33,37.73,7.4,0,7,3
12/3/2021 1:22,5.35,3.69,0.76,0.14,14064.45,41.56,8.12,0,7,3
12/3/2021 1:27,5.34,3.67,0.77,0.14,15184.23,45.44,8.84,0,7,3
12/3/2021 1:32,5.34,2.6,0.54,0.11,16323.11,49.39,9.57,0,7,3
12/3/2021 1:37,5.35,3.33,0.7,0.13,17424.43,53.21,10.28,0,7,3
12/3/2021 1:42,5.34,3.52,0,0,18505.26,54.21,10.47,0,0,0
12/3/2021 1:47,5.32,3.77,0.78,0.14,19618.3,56.3,10.85,0,7,3
12/3/2021 1:52,5.31,3.45,0.72,0.14,20727.88,60.14,11.57,0,7,3
12/3/2021 1:57,5.3,3.83,0.8,0.15,21840.11,63.98,12.28,0,7,3
12/3/2021 2:02,5.32,3.89,0.81,0.15,22858.07,67.53,12.95,0,7,3
12/3/2021 2:07,5.37,3.24,0.7,0.13,23935.73,71.27,13.65,0,7,3
12/3/2021 2:12,5.38,3.48,0.72,0.14,25013.99,75,14.35,0,7,3
12/3/2021 2:17,5.38,3.98,0.84,0.15,26050.37,78.62,15.02,0,7,3
12/3/2021 2:22,5.4,2.76,0,0,27119.13,79.47,15.19,0,0,0
12/3/2021 2:27,5.4,3.94,0.82,0.15,28200.03,81.49,15.56,0,7,3
12/3/2021 2:32,5.41,3.71,0.77,0.14,29238.81,85.09,16.24,0,7,3
12/3/2021 2:37,5.43,3.22,0.73,0.14,30299.24,88.78,16.93,0,7,3
12/3/2021 2:42,5.43,3.95,0.82,0.15,31347.13,92.41,17.62,0,7,3
12/3/2021 2:47,5.44,3.26,0.68,0.14,32440.81,96.22,18.33,0,7,3
12/3/2021 2:52,5.45,2.85,0.59,0.11,33482.27,99.84,19.01,0,7,3
12/3/2021 2:57,5.42,3.12,0.6,0.12,34393.13,103.01,19.62,0,7,3
12/3/2021 3:02,5.38,2.53,0,0,35155.06,103.75,19.77,0,0,0
12/3/2021 3:07,5.37,2.05,0.43,0.09,35837.02,104.97,20.02,0,7,3
12/3/2021 3:12,5.37,1.46,0.31,0.07,36437.57,107.08,20.46,0,7,3
12/3/2021 3:17,5.35,2.13,0.45,0.09,37022.68,109.14,20.9,0,7,3
12/3/2021 3:22,5.33,1.75,0.37,0.08,37572.56,111.08,21.32,0,7,3
12/3/2021 3:27,5.29,1.61,0.35,0.08,38086.39,112.89,21.72,0,7,3
12/3/2021 3:32,5.27,1.57,0.33,0.08,38605.51,114.74,22.13,0,7,3
12/3/2021 3:37,5.26,1.69,0.37,0.08,39120.49,116.57,22.53,0,7,3
12/3/2021 3:42,5.26,1.54,0,0,39633.29,117.09,22.65,0,0,0
12/3/2021 3:47,5.25,1.48,0.32,0.07,40095.34,117.96,22.85,0,7,3
12/3/2021 3:52,5.27,1.85,0.39,0.08,40603.66,119.76,23.24,0,7,3
12/3/2021 3:57,5.26,1.69,0.36,0.08,41101.81,121.53,23.64,0,7,3
12/3/2021 4:02,5.27,1.68,0.36,0.08,41600.39,123.3,24.03,0,7,3
12/3/2021 4:07,5.26,1.65,0.35,0.08,42118.85,125.15,24.44,0,7,3
12/3/2021 4:12,5.26,2.11,0.43,0.09,42707.23,127.21,24.88,0,7,3
12/3/2021 4:17,5.27,2.46,0.52,0.1,43380.89,129.57,25.36,0,7,3
12/3/2021 4:22,5.27,3.76,0,0,44182.03,130.24,25.49,0,0,0
12/3/2021 4:27,5.27,3.23,0.68,0.13,45303.54,132.48,25.9,0,7,3
12/3/2021 4:32,5.26,3.33,0.7,0.14,46325.92,136.04,26.58,0,7,3
12/3/2021 4:37,5.25,3.93,0.81,0.15,47421.61,139.84,27.29,0,7,3
12/3/2021 4:42,5.27,4.53,0.94,0.17,48537.23,143.74,28.01,0,7,3
12/3/2021 4:47,5.27,4.08,0.85,0.16,49569.9,147.32,28.68,0,7,3
12/3/2021 4:52,5.27,2.16,0.45,0.09,50422.5,150.3,29.27,0,7,3
12/3/2021 4:57,5.28,3,0.62,0.12,51172.92,152.92,29.79,0,7,3
12/3/2021 5:02,5.27,2.48,0,0,51919.82,153.58,29.92,0,0,0
12/3/2021 5:07,5.27,1.91,0.4,0.09,52599.6,154.8,30.18,0,7,3
12/3/2021 5:12,5.26,2.1,0.44,0.09,53231.73,157,30.64,0,7,3
12/3/2021 5:17,5.3,1.82,0.39,0.08,53805.08,159.02,31.07,0,7,3
12/3/2021 5:22,5.3,2.21,0.46,0.1,54407.76,161.12,31.52,0,7,3
12/3/2021 5:27,5.28,2.67,0.56,0.11,55120.19,163.6,32.02,0,7,3
12/3/2021 5:32,5.28,1.96,0.41,0.09,55954.94,166.53,32.59,0,7,3
12/3/2021 5:37,5.31,3.32,0.7,0.14,56990.76,170.12,33.27,0,7,3
12/3/2021 5:42,5.32,4.21,0,0,58065.85,171.04,33.43,0,0,0
12/3/2021 5:47,5.32,4.2,0.88,0.16,59226.16,173.25,33.84,0,7,3
12/3/2021 5:52,5.33,2.89,0.6,0.12,60408.13,177.37,34.59,0,7,3
12/3/2021 5:57,5.33,4.32,0.87,0.16,61521.33,181.22,35.31,0,7,3
12/3/2021 6:02,5.35,4.12,0.82,0.16,62749.74,185.45,36.09,0,7,3
12/3/2021 6:07,5.35,3.93,0.84,0.15,63917.83,189.49,36.83,0,7,3
12/3/2021 6:12,5.34,3.35,0.7,0.13,65031.16,193.36,37.55,0,7,3
12/3/2021 6:17,5.34,3.95,0.84,0.15,66129.76,197.17,38.26,0,7,3
12/3/2021 6:22,5.32,3.78,0,0,67246.76,198.24,38.46,0,0,0
12/3/2021 6:27,5.32,4.16,0.85,0.16,68317.97,200.27,38.84,0,7,3
12/3/2021 6:32,5.35,3.2,0.68,0.13,69386.37,203.97,39.53,0,7,3
12/3/2021 6:37,5.34,3.73,0.78,0.15,70578.71,208.07,40.29,0,7,3
12/3/2021 6:42,5.34,3.79,0.78,0.14,71713.24,212,41.02,0,7,3
12/3/2021 6:47,5.33,5.36,1.12,0.2,72863,215.96,41.75,0,7,3
12/3/2021 6:52,5.32,3.81,0.79,0.14,74057.51,220.12,42.51,0,7,3
12/3/2021 6:57,5.34,3.35,0.7,0.14,75092.06,223.71,43.19,0,7,3
12/3/2021 7:02,5.37,3.56,0,0,76185.73,224.64,43.37,0,0,0
12/3/2021 7:07,5.38,3.9,0.83,0.15,77209.51,226.64,43.74,0,7,3
12/3/2021 7:12,5.38,2.95,0.61,0.12,78297.04,230.42,44.44,0,7,3
12/3/2021 7:17,5.38,3.61,0.75,0.13,79364.01,234.12,45.14,0,7,3
12/3/2021 7:22,5.41,3.86,0.81,0.15,80409.41,237.75,45.82,0,7,3
12/3/2021 7:27,5.42,3.35,0.7,0.13,81481.51,241.46,46.52,0,7,3
12/3/2021 7:32,5.41,2.55,0.53,0.11,82496.27,244.99,47.18,0,7,3
12/3/2021 7:37,5.41,3.01,0.63,0.12,83297.92,247.78,47.73,0,7,3
12/3/2021 7:42,5.41,2.07,0,0,84039.28,248.55,47.88,0,0,0
12/3/2021 7:47,5.42,2.06,0.43,0.09,84668.77,249.71,48.13,0,7,3
12/3/2021 7:52,5.39,1.65,0.35,0.08,85245.13,251.74,48.56,0,7,3
12/3/2021 7:57,5.34,1.76,0.38,0.08,85794.52,253.68,48.98,0,7,3
12/3/2021 8:02,5.32,1.71,0.37,0.08,86319.31,255.54,49.39,0,7,3
12/3/2021 8:07,5.31,1.59,0.34,0.08,86817.6,257.31,49.78,0,7,3
12/3/2021 8:12,5.29,1.71,0.38,0.08,87316.68,259.08,50.18,0,7,3
12/3/2021 8:17,5.27,1.77,0.38,0.08,87828.85,260.92,50.58,0,7,3
12/3/2021 8:22,5.27,1.6,0,0,88352.7,261.41,50.69,0,0,0
12/3/2021 8:27,5.28,1.69,0.37,0.08,88834.94,262.35,50.9,0,7,3
12/3/2021 8:32,5.26,1.62,0.35,0.08,89337.47,264.14,51.3,0,7,3
12/3/2021 8:37,5.26,1.71,0.37,0.08,89866.62,266.01,51.71,0,7,3
12/3/2021 8:42,5.27,1.68,0.36,0.08,90368.63,267.8,52.11,0,7,3
12/3/2021 8:47,5.26,1.46,0.31,0.07,90881.48,269.62,52.51,0,7,3
12/3/2021 8:52,5.27,2.14,0.45,0.09,91439.32,271.59,52.93,0,7,3
12/3/2021 8:57,5.27,2.57,0.54,0.11,92126.96,273.98,53.42,0,7,3
12/3/2021 9:02,5.27,3.4,0,0,92972.84,274.7,53.56,0,0,0
12/3/2021 9:07,5.27,3.01,0.63,0.12,94038.1,276.74,53.94,0,7,3
12/3/2021 9:12,5.31,3.82,0.79,0.15,95048.09,280.26,54.61,0,7,3
12/3/2021 9:17,5.38,3.69,0.77,0.14,96169.41,284.16,55.33,0,7,3
12/3/2021 9:22,5.41,3.2,0.68,0.13,97268.82,287.97,56.04,0,7,3
12/3/2021 9:27,5.41,3.35,0.71,0.13,98249.16,291.4,56.69,0,7,3
12/3/2021 9:32,5.42,3.2,0.68,0.13,99117.98,294.45,57.28,0,7,3
12/3/2021 9:37,5.4,2.74,0.45,0.11,99966.82,297.42,57.86,0,7,3
12/3/2021 9:42,5.36,2.42,0,0,100736.76,298.18,58.01,0,0,0
12/3/2021 9:47,5.36,1.96,0.42,0.09,101434.24,299.5,58.28,0,7,3
12/3/2021 9:52,5.36,2.25,0.48,0.1,102112.94,301.88,58.77,0,7,3
12/3/2021 9:57,5.34,1.68,0.36,0.08,102754.41,304.12,59.24,0,7,3
12/3/2021 10:02,5.34,2.21,0.47,0.1,103362.8,306.26,59.69,0,7,3
12/3/2021 10:07,5.33,2.19,0.46,0.1,103964.51,308.37,60.14,0,7,3
12/3/2021 10:12,5.33,1.88,0.4,0.09,104598.95,310.59,60.6,0,7,3
12/3/2021 10:17,5.32,3.01,0.63,0.12,105379.84,313.33,61.15,0,7,3
12/3/2021 10:22,5.34,3.15,0,0,106305.75,314.1,61.3,0,0,0
12/3/2021 10:27,5.34,4.32,0.9,0.16,107466.32,316.4,61.71,0,7,3
12/3/2021 10:32,5.34,4.86,1.02,0.18,108700.16,320.69,62.5,0,7,3
12/3/2021 10:37,5.34,3.13,0.66,0.14,109876.24,324.8,63.25,0,7,3
12/3/2021 10:42,5.34,2.6,0.54,0.11,111009.66,328.76,63.98,0,7,3
12/3/2021 10:47,5.34,4.5,0.95,0.17,112459.97,333.78,64.88,0,7,3
12/3/2021 10:52,5.34,5.12,1.09,0.19,113923.11,338.85,65.78,0,7,3
12/3/2021 10:57,5.32,5.01,1.04,0.18,115340.34,343.82,66.67,0,7,3
12/3/2021 11:02,5.3,3.33,0,0,116732.95,345.1,66.9,0,0,0
12/3/2021 11:07,5.3,4.74,0.99,0.18,118036.17,347.6,67.35,0,7,3
12/3/2021 11:12,5.3,3.96,0.88,0.16,119470.41,352.58,68.24,0,7,3
12/3/2021 11:17,5.29,4.77,0.99,0.18,120852.2,357.39,69.11,0,7,3
12/3/2021 11:22,5.27,5.15,1.07,0.19,122236.37,362.19,69.97,0,7,3
12/3/2021 11:27,5.28,4.95,1.03,0.18,123558.87,366.81,70.81,0,7,3
12/3/2021 11:32,5.27,4.83,1.02,0.18,124889,371.44,71.65,0,7,3
12/3/2021 11:37,5.26,4.98,1.03,0.18,126169.78,375.9,72.46,0,7,3
12/3/2021 11:42,5.26,3.42,0,0,127472.82,377.04,72.67,0,0,0
12/3/2021 11:47,5.27,4.4,0.92,0.17,128789.41,379.52,73.12,0,7,3
12/3/2021 11:52,5.25,2.44,0.52,0.1,130146.51,384.25,73.97,0,7,3
12/3/2021 11:57,5.23,4.28,0.91,0.15,131457.34,388.82,74.8,0,7,3
12/3/2021 12:02,5.22,2.6,0.55,0.11,132760,393.35,75.62,0,7,3
12/3/2021 12:07,5.22,2.85,0.61,0.12,133987.19,397.61,76.4,0,7,3
12/3/2021 12:12,5.21,3.02,0.64,0.12,135112.66,401.54,77.13,0,7,3
12/3/2021 12:17,5.25,4.1,0.85,0.16,136271.56,405.59,77.88,0,7,3
12/3/2021 12:22,5.25,3.78,0,0,137230.44,406.5,78.05,0,0,0
12/3/2021 12:27,5.25,2.02,0.42,0.09,138036.34,407.97,78.35,0,7,3
12/3/2021 12:32,5.25,2.37,0.5,0.1,138743.81,410.45,78.85,0,7,3
12/3/2021 12:37,5.24,1.78,0.4,0.09,139372.27,412.66,79.32,0,7,3
12/3/2021 12:42,5.29,1.87,0.4,0.09,139949.09,414.71,79.76,0,7,3
12/3/2021 12:47,5.31,2.09,0.44,0.09,140511.45,416.71,80.2,0,7,3
12/3/2021 12:52,5.32,1.84,0.4,0.09,141064.48,418.68,80.62,0,7,3
12/3/2021 12:57,5.32,1.79,0.39,0.09,141602.36,420.6,81.05,0,7,3
12/3/2021 13:02,5.32,1.72,0,0,142111.61,421.04,81.14,0,0,0
12/3/2021 13:07,5.33,1.72,0.38,0.08,142625.36,422.04,81.36,0,7,3
12/3/2021 13:12,5.34,1.89,0.41,0.09,143150.94,423.94,81.78,0,7,3
12/3/2021 13:17,5.33,1.7,0.38,0.08,143674.02,425.8,82.19,0,7,3
12/3/2021 13:22,5.33,1.72,0.37,0.08,144190.2,427.67,82.6,0,7,3
12/3/2021 13:27,5.32,1.66,0.36,0.08,144711.77,429.53,83.02,0,7,3
12/3/2021 13:32,5.32,1.75,0.38,0.08,145227.06,431.38,83.42,0,7,3
12/3/2021 13:37,5.33,1.64,0.35,0.08,145749.08,433.25,83.84,0,7,3
12/3/2021 13:42,5.36,1.89,0,0,146246.48,433.65,83.93,0,0,0
12/3/2021 13:47,5.36,1.95,0.41,0.09,146812.34,434.79,84.18,0,7,3
12/3/2021 13:52,5.36,2.51,0.53,0.11,147514.19,437.25,84.68,0,7,3
12/3/2021 13:57,5.35,3.75,0.78,0.15,148361.97,440.23,85.26,0,7,3
12/3/2021 14:02,5.39,3.01,0.65,0.13,149423.91,443.94,85.96,0,7,3
12/3/2021 14:07,5.39,3.73,0.78,0.14,150488.22,447.66,86.66,0,7,3
12/3/2021 14:12,5.38,4.41,0.81,0.15,151644.03,451.67,87.4,0,7,3
12/3/2021 14:17,5.38,4.78,1,0.18,153016.78,456.47,88.26,0,7,3
12/3/2021 14:22,5.37,3.27,0,0,154198.13,457.47,88.45,0,0,0
12/3/2021 14:27,5.37,2.99,0.62,0.12,155187.23,459.2,88.78,0,7,3
12/3/2021 14:32,5.4,2.81,0.6,0.12,156013.91,462.12,89.36,0,7,3
12/3/2021 14:37,5.39,2.53,0.54,0.11,156763.39,464.75,89.89,0,7,3
12/3/2021 14:42,5.39,2.2,0.47,0.1,157456,467.2,90.39,0,7,3
12/3/2021 14:47,5.39,2.25,0.47,0.1,158142.38,469.62,90.89,0,7,3
12/3/2021 14:52,5.38,2.06,0.44,0.09,158814.67,471.99,91.37,0,7,3
12/3/2021 14:57,5.39,2.11,0.44,0.09,159432.2,474.16,91.83,0,7,3
12/3/2021 15:02,5.37,1.71,0,0,160013.91,474.67,91.94,0,0,0
12/3/2021 15:07,5.37,1.77,0.38,0.08,160562.81,475.73,92.17,0,7,3
12/3/2021 15:12,5.35,2.15,0.46,0.1,161221.78,478.05,92.65,0,7,3
12/3/2021 15:17,5.34,2.91,0.61,0.12,161941.77,480.57,93.16,0,7,3
12/3/2021 15:22,5.36,3.58,0.75,0.13,162862.48,483.81,93.79,0,7,3
12/3/2021 15:27,5.39,2.29,0.48,0.1,163968.2,487.68,94.51,0,7,3
12/3/2021 15:32,5.4,4.83,1.01,0.19,165253.39,492.16,95.32,0,7,3
12/3/2021 15:37,5.39,4.99,1.04,0.18,166532.05,496.59,96.13,0,7,3
12/3/2021 15:42,5.4,4.12,0,0,167735.52,497.79,96.36,0,0,0
12/3/2021 15:47,5.4,2.49,0.53,0.11,168835.64,499.85,96.74,0,7,3
12/3/2021 15:52,5.42,2.86,0.6,0.13,169918.47,503.64,97.45,0,7,3
12/3/2021 15:57,5.45,4.22,0.87,0.16,171044.81,507.56,98.18,0,7,3
12/3/2021 16:02,5.45,3.12,0.66,0.12,172164.75,511.47,98.9,0,7,3
12/3/2021 16:07,5.45,3.96,0.75,0.14,173214.36,515.17,99.59,0,7,3
12/3/2021 16:12,5.45,4.03,0.85,0.16,174363.72,519.18,100.34,0,7,3
12/3/2021 16:17,5.46,5.01,1.04,0.19,175564.44,523.37,101.1,0,7,3
12/3/2021 16:22,5.43,3.55,0,0,176866.52,524.71,101.34,0,0,0
12/3/2021 16:27,5.42,4.08,0.79,0.15,177942.75,526.86,101.74,0,7,3
12/3/2021 16:32,5.41,3.12,0.65,0.13,179052,530.74,102.46,0,7,3
12/3/2021 16:37,5.4,3.31,0.81,0.14,180068.42,534.32,103.14,0,7,3
12/3/2021 16:42,5.4,3.3,0.7,0.13,181169.31,538.17,103.85,0,7,3
12/3/2021 16:47,5.4,2.56,0.55,0.11,182225,541.87,104.55,0,7,3
12/3/2021 16:52,5.41,3.59,0.75,0.14,183269.27,545.52,105.23,0,7,3
12/3/2021 16:57,5.4,3.65,0.76,0.14,184303.88,549.15,105.91,0,7,3
12/3/2021 17:02,5.4,3.31,0,0,185429.14,550.1,106.09,0,0,0
12/3/2021 17:07,5.4,3.62,0.76,0.14,186482.56,552.08,106.47,0,7,3
12/3/2021 17:12,5.43,3.41,0.72,0.14,187563.34,555.87,107.17,0,7,3
12/3/2021 17:17,5.4,3.9,0.78,0.15,188590.7,559.46,107.85,0,7,3
12/3/2021 17:22,5.4,2.86,0.6,0.12,189655.33,563.18,108.55,0,7,3
12/3/2021 17:27,5.39,4.12,0.86,0.16,190705.88,566.84,109.24,0,7,3
12/3/2021 17:32,5.39,3.01,0.64,0.12,191732.75,570.42,109.91,0,7,3
12/3/2021 17:37,5.41,3.99,0.83,0.15,192779.98,574.07,110.6,0,7,3
12/3/2021 17:42,5.44,3.3,0,0,193730.58,574.98,110.77,0,0,0
12/3/2021 17:47,5.45,3.12,0.66,0.12,194678.02,576.73,111.1,0,7,3
12/3/2021 17:52,5.46,2.53,0.54,0.11,195459.48,579.46,111.65,0,7,3
12/3/2021 17:57,5.46,2.06,0.43,0.09,196130.55,581.83,112.14,0,7,3
12/3/2021 18:02,5.45,1.95,0.41,0.09,196730.61,583.93,112.59,0,7,3
12/3/2021 18:07,5.41,1.93,0.41,0.09,197293.05,585.92,113.02,0,7,3
12/3/2021 18:12,5.4,1.74,0.37,0.08,197831.73,587.85,113.44,0,7,3
12/3/2021 18:17,5.4,1.75,0.38,0.08,198342.16,589.68,113.85,0,7,3
12/3/2021 18:22,5.39,1.93,0,0,198848.97,590.17,113.95,0,0,0
12/3/2021 18:27,5.39,1.58,0.34,0.08,199340.52,591.14,114.17,0,7,3
12/3/2021 18:32,5.39,1.64,0.36,0.08,199830.78,592.9,114.56,0,7,3
12/3/2021 18:37,5.37,1.72,0.37,0.08,200330.52,594.68,114.96,0,7,3
12/3/2021 18:42,5.37,1.68,0.37,0.08,200845.55,596.53,115.37,0,7,3
12/3/2021 18:47,5.35,1.58,0.34,0.08,201346.73,598.33,115.77,0,7,3
12/3/2021 18:52,5.36,1.65,0.35,0.08,201858.22,600.16,116.17,0,7,3
12/3/2021 18:57,5.36,1.47,0.32,0.07,202378,602.03,116.58,0,7,3
12/3/2021 19:02,5.34,1.67,0,0,202907.75,602.51,116.69,0,0,0
12/3/2021 19:07,5.34,2.02,0.42,0.09,203441.08,603.53,116.91,0,7,3
12/3/2021 19:12,5.34,2.46,0.52,0.1,204094.5,605.83,117.39,0,7,3
12/3/2021 19:17,5.34,2.99,0.62,0.12,204889.63,608.61,117.94,0,7,3
12/3/2021 19:22,5.35,3.95,0.83,0.16,205884.2,612.07,118.6,0,7,3
12/3/2021 19:27,5.38,4.46,0.9,0.16,206985.86,615.91,119.31,0,7,3
12/3/2021 19:32,5.38,4.36,0.91,0.16,207993.98,619.43,119.97,0,7,3
12/3/2021 19:37,5.39,3.83,0.8,0.16,209121.41,623.35,120.71,0,7,3
12/3/2021 19:42,5.41,3.92,0,0,210266.94,624.36,120.88,0,0,0
12/3/2021 19:47,5.41,3.89,0.8,0.15,211318.69,626.36,121.26,0,7,3
12/3/2021 19:52,5.41,4.29,0.9,0.16,212440.05,630.25,121.98,0,7,3
12/3/2021 19:57,5.37,3.47,0.74,0.14,213570.34,634.18,122.71,0,7,3
12/3/2021 20:02,5.36,3.98,0.85,0.16,214701.3,638.1,123.44,0,7,3
12/3/2021 20:07,5.34,3.61,0.75,0.14,215832.78,642.04,124.17,0,7,3
12/3/2021 20:12,5.34,3.84,0.8,0.15,216937.67,645.87,124.89,0,7,3
12/3/2021 20:17,5.34,3.12,0.66,0.12,218028.33,649.67,125.6,0,7,3
12/3/2021 20:22,5.38,3.48,0,0,219132.66,650.65,125.77,0,0,0
12/3/2021 20:27,5.41,3.82,0.79,0.15,220265.95,652.78,126.17,0,7,3
12/3/2021 20:32,5.42,4.1,0.85,0.15,221341.78,656.52,126.87,0,7,3
12/3/2021 20:37,5.42,4.01,0.83,0.15,222443.58,660.36,127.58,0,7,3
12/3/2021 20:42,5.41,3.61,0.76,0.14,223562.47,664.25,128.3,0,7,3
12/3/2021 20:47,5.38,3.36,0.69,0.13,224587.5,667.81,128.97,0,7,3
12/3/2021 20:52,5.36,3.9,0.78,0.15,225641.98,671.47,129.66,0,7,3
12/3/2021 20:57,5.36,3.21,0.68,0.13,226735,675.27,130.37,0,7,3
12/3/2021 21:02,5.35,3.64,0,0,227822.27,676.18,130.54,0,0,0
12/3/2021 21:07,5.36,3.61,0.76,0.14,228943.64,678.28,130.93,0,7,3
12/3/2021 21:12,5.35,3.17,0.7,0.13,230040.73,682.09,131.64,0,7,3
12/3/2021 21:17,5.38,4.19,0.87,0.16,231138.42,685.89,132.36,0,7,3
12/3/2021 21:22,5.39,3.04,0.64,0.12,232154.58,689.46,133.03,0,7,3
12/3/2021 21:27,5.38,2.37,0.5,0.1,233066.13,692.64,133.64,0,7,3
12/3/2021 21:32,5.38,3.07,0.64,0.12,233950.45,695.73,134.24,0,7,3
12/3/2021 21:37,5.38,2.35,0.49,0.1,234655.03,698.2,134.74,0,7,3
12/3/2021 21:42,5.37,1.8,0,0,235279.14,698.8,134.86,0,0,0
12/3/2021 21:47,5.35,1.7,0.37,0.08,235816.59,699.8,135.09,0,7,3
12/3/2021 21:52,5.35,1.68,0.36,0.08,236327.3,701.61,135.49,0,7,3
12/3/2021 21:57,5.35,1.5,0.31,0.07,236810.8,703.33,135.88,0,7,3
12/3/2021 22:02,5.33,1.61,0.35,0.08,237305.95,705.09,136.27,0,7,3
12/3/2021 22:07,5.31,1.66,0.36,0.08,237799.38,706.84,136.66,0,7,3
12/3/2021 22:12,5.3,1.56,0.33,0.08,238286.52,708.58,137.05,0,7,3
12/3/2021 22:17,5.29,1.62,0.35,0.08,238783.56,710.35,137.45,0,7,3
12/3/2021 22:22,5.3,0,0,0,239203.03,710.78,137.55,0,0,0
12/3/2021 22:27,5.3,1.68,0.36,0.08,239654.75,711.74,137.76,0,7,3
12/3/2021 22:32,5.31,1.65,0.35,0.08,240139.89,713.46,138.15,0,7,3
12/3/2021 22:37,5.3,1.6,0.32,0.08,240626.2,715.2,138.54,0,7,3
12/3/2021 22:42,5.3,2.01,0.42,0.09,241177.55,717.15,138.96,0,7,3
12/3/2021 22:47,5.29,2.44,0.52,0.1,241843.25,719.48,139.45,0,7,3
12/3/2021 22:52,5.29,2.94,0.61,0.12,242614.88,722.17,139.98,0,7,3
12/3/2021 22:57,5.31,2.71,0.57,0.11,243593.92,725.59,140.63,0,7,3
12/3/2021 23:02,5.3,3.51,0,0,244777.45,726.62,140.82,0,0,0
12/3/2021 23:07,5.31,3.73,0.78,0.14,245941.08,728.93,141.25,0,7,3
12/3/2021 23:12,5.29,3.69,0.77,0.14,247094.52,732.93,141.99,0,7,3
12/3/2021 23:17,5.31,3.11,0.66,0.13,248147.75,736.6,142.68,0,7,3
12/3/2021 23:22,5.32,3.51,0.73,0.14,249093.72,739.89,143.31,0,7,3
12/3/2021 23:27,5.32,2.14,0.59,0.11,249959.45,742.91,143.89,0,7,3
12/3/2021 23:32,5.31,2.17,0.46,0.09,250770.52,745.76,144.45,0,7,3
12/3/2021 23:37,5.31,2.5,0.52,0.1,251497.89,748.31,144.97,0,7,3
12/3/2021 23:42,5.32,1.91,0,0,252174.27,748.88,145.09,0,0,0
12/3/2021 23:47,5.31,2.13,0.44,0.09,252813.08,750.02,145.33,0,7,3
12/3/2021 23:52,5.31,2.09,0.43,0.09,253430.28,752.18,145.78,0,7,3
12/3/2021 23:57,5.3,1.81,0.38,0.08,254010.66,754.23,146.22,0,7,3
12/4/2021 0:02,5.28,1.92,0.4,0.08,258.89,0.91,0.19,0,7,3
12/4/2021 0:07,5.28,1.71,0.36,0.08,853.7,3,0.64,0,7,3
12/4/2021 0:12,5.27,3.13,0.66,0.13,1564.64,5.49,1.14,0,7,3
12/4/2021 0:17,5.3,2.11,0.44,0.09,2415.84,8.47,1.72,0,7,3
12/4/2021 0:22,5.32,3.88,0,0,3431.44,9.31,1.88,0,0,0
12/4/2021 0:27,5.31,3.63,0.56,0.11,4355.32,11.17,2.23,0,7,3
12/4/2021 0:32,5.31,3.21,0.68,0.13,5387.98,14.76,2.91,0,7,3
12/4/2021 0:37,5.3,3.91,0.82,0.15,6420.01,18.35,3.58,0,7,3
12/4/2021 0:42,5.33,3.56,0.74,0.14,7532.86,22.22,4.3,0,7,3
12/4/2021 0:47,5.35,4.02,0.8,0.15,8635.55,26.05,5.01,0,7,3
12/4/2021 0:52,5.34,4.11,0.85,0.16,9737.81,29.87,5.73,0,7,3
12/4/2021 0:57,5.34,4.04,0.84,0.15,10833.39,33.68,6.43,0,7,3
12/4/2021 1:02,5.33,3.42,0,0,11942.65,34.68,6.62,0,0,0
12/4/2021 1:07,5.34,3.71,0.77,0.14,13002.59,36.66,6.99,0,7,3
12/4/2021 1:12,5.34,3.84,0.8,0.15,14129.37,40.57,7.71,0,7,3
12/4/2021 1:17,5.36,3.21,0.68,0.13,15215.16,44.34,8.42,0,7,3
12/4/2021 1:22,5.37,3.5,0.73,0.14,16289.77,48.07,9.12,0,7,3
12/4/2021 1:27,5.36,3.35,0.7,0.13,17347.86,51.75,9.81,0,7,3
12/4/2021 1:32,5.37,3.66,0.76,0.14,18461.97,55.62,10.53,0,7,3
12/4/2021 1:37,5.36,3.17,0.66,0.12,19537.03,59.35,11.23,0,7,3
12/4/2021 1:42,5.38,3.7,0,0,20545.85,60.24,11.4,0,0,0
12/4/2021 1:47,5.37,3.14,0.66,0.13,21624.58,62.2,11.77,0,7,3
12/4/2021 1:52,5.37,3.76,0.79,0.14,22686.86,65.9,12.46,0,7,3
12/4/2021 1:57,5.39,3.82,0.79,0.14,23802.41,69.77,13.18,0,7,3
12/4/2021 2:02,5.37,3.52,0.72,0.13,24893.43,73.55,13.89,0,7,3
12/4/2021 2:07,5.37,3.68,0.76,0.14,25912.25,77.1,14.56,0,7,3
12/4/2021 2:12,5.38,2.71,0.57,0.11,26936.54,80.66,15.23,0,7,3
12/4/2021 2:17,5.37,2.81,0.59,0.12,27864.05,83.91,15.85,0,7,3
12/4/2021 2:22,5.37,2.06,0,0,28566.49,84.54,15.98,0,0,0
12/4/2021 2:27,5.37,2.15,0.45,0.09,29212.44,85.73,16.23,0,7,3
12/4/2021 2:32,5.37,1.85,0.39,0.08,29805.66,87.82,16.68,0,7,3
12/4/2021 2:37,5.32,1.67,0.35,0.08,30360.06,89.77,17.1,0,7,3
12/4/2021 2:42,5.32,1.81,0.39,0.08,30892.7,91.66,17.51,0,7,3
12/4/2021 2:47,5.31,1.72,0.37,0.08,31392.88,93.43,17.91,0,7,3
12/4/2021 2:52,5.3,1.63,0.34,0.08,31881.68,95.16,18.29,0,7,3
12/4/2021 2:57,5.28,1.63,0.36,0.08,32365.2,96.87,18.68,0,7,3
12/4/2021 3:02,5.26,1.5,0,0,32861.75,97.34,18.78,0,0,0
12/4/2021 3:07,5.27,1.7,0.37,0.08,33344.85,98.31,19,0,7,3
12/4/2021 3:12,5.26,1.8,0.38,0.08,33811.22,99.97,19.38,0,7,3
12/4/2021 3:17,5.25,1.47,0.31,0.07,34321.39,101.77,19.78,0,7,3
12/4/2021 3:22,5.27,1.59,0.33,0.08,34792.5,103.45,20.16,0,7,3
12/4/2021 3:27,5.26,1.51,0.32,0.07,35299.22,105.24,20.56,0,7,3
12/4/2021 3:32,5.26,2.14,0.45,0.09,35936.16,107.46,21.02,0,7,3
12/4/2021 3:37,5.25,2.2,0.46,0.1,36724.73,110.22,21.56,0,7,3
12/4/2021 3:42,5.25,4.09,0,0,37659,110.93,21.71,0,0,0
12/4/2021 3:47,5.25,3.35,0.7,0.14,38666.68,112.82,22.06,0,7,3
12/4/2021 3:52,5.3,4.17,0.87,0.16,39714.07,116.47,22.75,0,7,3
12/4/2021 3:57,5.34,3.53,0.72,0.14,40854.41,120.42,23.48,0,7,3
12/4/2021 4:02,5.36,3.04,0.63,0.12,41909.05,124.09,24.17,0,7,3
12/4/2021 4:07,5.37,2.16,0.45,0.09,42833.8,127.3,24.78,0,7,3
12/4/2021 4:12,5.37,2.86,0.6,0.12,43686.88,130.28,25.37,0,7,3
12/4/2021 4:17,5.36,2.24,0.47,0.1,44451.81,132.95,25.9,0,7,3
12/4/2021 4:22,5.4,1.81,0,0,45116.66,133.53,26.02,0,0,0
12/4/2021 4:27,5.4,2.11,0.44,0.09,45792.94,134.77,26.27,0,7,3
12/4/2021 4:32,5.4,1.93,0.41,0.09,46414.45,136.94,26.73,0,7,3
12/4/2021 4:37,5.41,1.84,0.39,0.08,47001.05,138.99,27.17,0,7,3
12/4/2021 4:42,5.39,1.59,0.35,0.08,47571.86,141.01,27.6,0,7,3
12/4/2021 4:47,5.35,1.69,0.36,0.08,48089.41,142.83,28.01,0,7,3
12/4/2021 4:52,5.35,1.89,0.42,0.09,48677.02,144.89,28.45,0,7,3
12/4/2021 4:57,5.35,2.39,0.5,0.1,49387.28,147.38,28.95,0,7,3
12/4/2021 5:02,5.34,2.43,0,0,50184.24,148.01,29.08,0,0,0
12/4/2021 5:07,5.33,3.62,0.75,0.14,51233.97,149.86,29.44,0,7,3
12/4/2021 5:12,5.34,2.91,0.61,0.13,52245.13,153.39,30.1,0,7,3
12/4/2021 5:17,5.37,3.84,0.86,0.16,53360.67,157.26,30.82,0,7,3
12/4/2021 5:22,5.38,3.62,0.77,0.14,54429.98,160.99,31.52,0,7,3
12/4/2021 5:27,5.38,3.15,0.75,0.13,55536.07,164.82,32.23,0,7,3
12/4/2021 5:32,5.37,3.74,0.78,0.14,56651.04,168.69,32.95,0,7,3
12/4/2021 5:37,5.4,3.82,0.79,0.15,57766.61,172.57,33.67,0,7,3
12/4/2021 5:42,5.41,3.86,0,0,58926.64,173.59,33.85,0,0,0
12/4/2021 5:47,5.41,3.43,0.71,0.13,60053.18,175.78,34.25,0,7,3
12/4/2021 5:52,5.4,3.76,0.79,0.14,61161.91,179.64,34.97,0,7,3
12/4/2021 5:57,5.41,3.61,0.75,0.14,62316.99,183.64,35.71,0,7,3
12/4/2021 6:02,5.42,3.95,0.82,0.15,63401.5,187.39,36.41,0,7,3
12/4/2021 6:07,5.4,3.58,0.75,0.14,64527.61,191.28,37.14,0,7,3
12/4/2021 6:12,5.39,3.52,0.73,0.14,65626.48,195.08,37.85,0,7,3
12/4/2021 6:17,5.39,3.58,0.74,0.14,66689.73,198.79,38.54,0,7,3
12/4/2021 6:22,5.39,3.35,0,0,67777.61,199.74,38.73,0,0,0
12/4/2021 6:27,5.39,3.32,0.68,0.13,68878.73,201.82,39.11,0,7,3
12/4/2021 6:32,5.37,2.55,0.58,0.11,70023.4,205.79,39.85,0,7,3
12/4/2021 6:37,5.35,3.9,0.79,0.15,71109.66,209.57,40.55,0,7,3
12/4/2021 6:42,5.35,3.97,0.82,0.15,72245.36,213.51,41.28,0,7,3
12/4/2021 6:47,5.35,2.59,0.52,0.1,73309.96,217.2,41.98,0,7,3
12/4/2021 6:52,5.35,3.44,0.71,0.14,74300.27,220.64,42.63,0,7,3
12/4/2021 6:57,5.34,3.49,0.73,0.14,75413.52,224.5,43.35,0,7,3
12/4/2021 7:02,5.36,3.6,0,0,76358.25,225.34,43.51,0,0,0
12/4/2021 7:07,5.36,2.14,0.44,0.09,77268.28,227.04,43.84,0,7,3
12/4/2021 7:12,5.35,3.01,0.63,0.12,78043.7,229.75,44.38,0,7,3
12/4/2021 7:17,5.36,2,0.42,0.09,78716.65,232.11,44.86,0,7,3
12/4/2021 7:22,5.35,1.83,0.39,0.08,79340.91,234.28,45.32,0,7,3
12/4/2021 7:27,5.31,1.73,0.38,0.08,79888.29,236.23,45.74,0,7,3
12/4/2021 7:32,5.29,1.75,0.38,0.08,80383.67,237.98,46.13,0,7,3
12/4/2021 7:37,5.28,1.64,0.35,0.08,80888.6,239.78,46.53,0,7,3
12/4/2021 7:42,5.28,1.66,0,0,81390.09,240.24,46.63,0,0,0
12/4/2021 7:47,5.26,1.65,0.35,0.08,81882.26,241.16,46.84,0,7,3
12/4/2021 7:52,5.28,1.7,0.36,0.08,82386.28,242.94,47.24,0,7,3
12/4/2021 7:57,5.26,1.78,0.38,0.08,82872.05,244.67,47.62,0,7,3
12/4/2021 8:02,5.26,1.56,0.33,0.07,83359.55,246.4,48.01,0,7,3
12/4/2021 8:07,5.26,1.63,0.35,0.08,83830.56,248.06,48.39,0,7,3
12/4/2021 8:12,5.26,1.6,0.34,0.08,84321.6,249.81,48.78,0,7,3
12/4/2021 8:17,5.25,1.72,0.37,0.08,84827.22,251.61,49.18,0,7,3
12/4/2021 8:22,5.25,1.44,0,0,85318.72,252.06,49.28,0,0,0
12/4/2021 8:27,5.25,1.47,0.31,0.07,85820.57,253.02,49.49,0,7,3
12/4/2021 8:32,5.25,2,0.42,0.09,86419.12,255.12,49.94,0,7,3
12/4/2021 8:37,5.25,2.18,0.46,0.1,87176.32,257.77,50.47,0,7,3
12/4/2021 8:42,5.26,2.02,0.43,0.09,88114.95,261.05,51.1,0,7,3
12/4/2021 8:47,5.29,3.58,0.75,0.14,89212.71,264.87,51.81,0,7,3
12/4/2021 8:52,5.3,3.69,0.77,0.14,90315.66,268.7,52.52,0,7,3
12/4/2021 8:57,5.3,3.34,0.7,0.13,91506.42,272.82,53.28,0,7,3
12/4/2021 9:02,5.31,3.87,0,0,92641.38,273.87,53.47,0,0,0
12/4/2021 9:07,5.32,3.54,0.74,0.14,93665.38,275.74,53.83,0,7,3
12/4/2021 9:12,5.32,3.02,0.63,0.12,94521.96,278.75,54.41,0,7,3
12/4/2021 9:17,5.34,2.95,0.62,0.12,95391.85,281.79,55,0,7,3
12/4/2021 9:22,5.34,2.37,0.5,0.1,96119.54,284.34,55.51,0,7,3
12/4/2021 9:27,5.34,2.1,0.44,0.09,96751.6,286.55,55.98,0,7,3
12/4/2021 9:32,5.33,1.81,0.39,0.08,97374.97,288.73,56.44,0,7,3
12/4/2021 9:37,5.34,1.75,0.38,0.08,97984.94,290.87,56.89,0,7,3
12/4/2021 9:42,5.33,1.96,0,0,98578.74,291.38,57,0,0,0
12/4/2021 9:47,5.32,1.73,0.35,0.08,99164.41,292.48,57.24,0,7,3
12/4/2021 9:52,5.32,2,0.42,0.09,99720.24,294.45,57.66,0,7,3
12/4/2021 9:57,5.31,2.02,0.43,0.09,100299.63,296.49,58.1,0,7,3
12/4/2021 10:02,5.32,2.4,0.51,0.1,100958.94,298.79,58.58,0,7,3
12/4/2021 10:07,5.32,2.75,0.58,0.12,101757.37,301.57,59.13,0,7,3
12/4/2021 10:12,5.33,3.44,0.72,0.14,102718.34,304.93,59.77,0,7,3
12/4/2021 10:17,5.33,3.66,0.76,0.14,103749.62,308.52,60.45,0,7,3
12/4/2021 10:22,5.32,3.62,0,0,104843.86,309.42,60.62,0,0,0
12/4/2021 10:27,5.32,3.94,0.83,0.16,106004.53,311.67,61.05,0,7,3
12/4/2021 10:32,5.35,3.38,0.71,0.13,107167.29,315.71,61.8,0,7,3
12/4/2021 10:37,5.34,2.39,0.61,0.11,108405.42,320.02,62.58,0,7,3
12/4/2021 10:42,5.34,3.14,0.67,0.13,109538.73,323.95,63.31,0,7,3
12/4/2021 10:47,5.33,3.62,0.78,0.14,110713.48,328.05,64.06,0,7,3
12/4/2021 10:52,5.33,4.2,0.88,0.16,111792.76,331.8,64.77,0,7,3
12/4/2021 10:57,5.34,5.37,1.12,0.2,113052.84,336.18,65.57,0,7,3
12/4/2021 11:02,5.34,3.87,0,0,114386.73,337.33,65.76,0,0,0
12/4/2021 11:07,5.33,3.15,0.65,0.15,115533.52,339.55,66.17,0,7,3
12/4/2021 11:12,5.33,4.8,1,0.17,116612.22,343.3,66.87,0,7,3
12/4/2021 11:17,5.34,3.83,0.8,0.15,117904.62,347.8,67.69,0,7,3
12/4/2021 11:22,5.36,4.58,0.96,0.17,119051.08,351.8,68.43,0,7,3
12/4/2021 11:27,5.33,4.86,1.02,0.18,120202.35,355.81,69.17,0,7,3
12/4/2021 11:32,5.32,3.41,0.71,0.13,121432.05,360.11,69.96,0,7,3
12/4/2021 11:37,5.32,5.47,1.14,0.2,122770.11,364.75,70.8,0,7,3
12/4/2021 11:42,5.33,4.14,0,0,124157.29,366.03,71.03,0,0,0
12/4/2021 11:47,5.31,4.52,0.95,0.16,125466.27,368.46,71.47,0,7,3
12/4/2021 11:52,5.32,3.12,0.85,0.15,126814.64,373.16,72.32,0,7,3
12/4/2021 11:57,5.26,3.57,0.74,0.14,128143.41,377.79,73.15,0,7,3
12/4/2021 12:02,5.26,4.08,0.79,0.15,129454.09,382.36,73.98,0,7,3
12/4/2021 12:07,5.25,3.14,0.66,0.13,130621.46,386.43,74.73,0,7,3
12/4/2021 12:12,5.25,3.46,0.71,0.14,131553.67,389.69,75.36,0,7,3
12/4/2021 12:17,5.3,2.63,0.56,0.11,132380.48,392.6,75.93,0,7,3
12/4/2021 12:22,5.34,2.17,0,0,133047.05,393.24,76.06,0,0,0
12/4/2021 12:27,5.35,2.01,0.44,0.09,133667.89,394.38,76.31,0,7,3
12/4/2021 12:32,5.34,1.9,0.41,0.09,134238.78,396.41,76.75,0,7,3
12/4/2021 12:37,5.36,1.82,0.39,0.09,134774.89,398.33,77.17,0,7,3
12/4/2021 12:42,5.36,1.76,0.38,0.08,135300.38,400.21,77.58,0,7,3
12/4/2021 12:47,5.33,1.68,0.37,0.08,135808.23,402.05,77.98,0,7,3
12/4/2021 12:52,5.33,1.68,0.36,0.08,136308.11,403.84,78.38,0,7,3
12/4/2021 12:57,5.34,1.59,0.34,0.08,136801.17,405.61,78.78,0,7,3
12/4/2021 13:02,5.33,1.66,0,0,137296.78,406.06,78.88,0,0,0
12/4/2021 13:07,5.34,1.66,0.36,0.08,137795.63,407.05,79.1,0,7,3
12/4/2021 13:12,5.35,1.57,0.34,0.08,138294.97,408.84,79.5,0,7,3
12/4/2021 13:17,5.33,1.68,0.37,0.08,138800.72,410.67,79.9,0,7,3
12/4/2021 13:22,5.33,1.6,0.34,0.08,139303.78,412.48,80.3,0,7,3
12/4/2021 13:27,5.33,1.67,0.36,0.08,139796.03,414.25,80.69,0,7,3
12/4/2021 13:32,5.34,1.65,0.35,0.08,140309.25,416.1,81.1,0,7,3
12/4/2021 13:37,5.34,1.97,0.42,0.09,140882.55,418.12,81.54,0,7,3
12/4/2021 13:42,5.33,2.39,0,0,141589.88,418.71,81.66,0,0,0
12/4/2021 13:47,5.34,2.88,0.61,0.12,142395.75,420.29,81.97,0,7,3
12/4/2021 13:52,5.34,2.51,0.58,0.11,143428.38,423.89,82.65,0,7,3
12/4/2021 13:57,5.34,4.1,0.86,0.16,144468.86,427.53,83.34,0,7,3
12/4/2021 14:02,5.37,3.68,0.77,0.14,145500.58,431.13,84.02,0,7,3
12/4/2021 14:07,5.41,3.16,0.68,0.13,146491.95,434.59,84.68,0,7,3
12/4/2021 14:12,5.41,2.37,0.5,0.1,147431.22,437.9,85.31,0,7,3
12/4/2021 14:17,5.41,2.45,0.52,0.1,148245.94,440.76,85.88,0,7,3
12/4/2021 14:22,5.41,2.52,0,0,148991.72,441.44,86.01,0,0,0
12/4/2021 14:27,5.41,2.26,0.48,0.1,149707.91,442.83,86.29,0,7,3
12/4/2021 14:32,5.41,2.22,0.47,0.1,150411.56,445.31,86.8,0,7,3
12/4/2021 14:37,5.37,2.08,0.42,0.09,151061.17,447.6,87.27,0,7,3
12/4/2021 14:42,5.36,2.01,0.42,0.09,151670.39,449.73,87.73,0,7,3
12/4/2021 14:47,5.36,2.01,0.42,0.09,152258.72,451.8,88.18,0,7,3
12/4/2021 14:52,5.33,1.86,0.4,0.09,152839.83,453.87,88.62,0,7,3
12/4/2021 14:57,5.36,2.36,0.5,0.1,153429.45,455.96,89.07,0,7,3
12/4/2021 15:02,5.39,2.45,0,0,154137.33,456.55,89.19,0,0,0
12/4/2021 15:07,5.39,3.15,0.73,0.13,155020.97,458.34,89.54,0,7,3
12/4/2021 15:12,5.4,2.85,0.59,0.11,156148.94,462.34,90.27,0,7,3
12/4/2021 15:17,5.4,4.8,1.01,0.18,157369.06,466.58,91.05,0,7,3
12/4/2021 15:22,5.4,5.01,1.04,0.19,158741.86,471.37,91.91,0,7,3
12/4/2021 15:27,5.35,2.74,0.58,0.12,160007.94,475.8,92.72,0,7,3
12/4/2021 15:32,5.34,3.44,0.7,0.13,161023.81,479.33,93.39,0,7,3
12/4/2021 15:37,5.34,3,0.63,0.12,162072.55,482.99,94.08,0,7,3
12/4/2021 15:42,5.34,3.79,0,0,163152.03,484.15,94.28,0,0,0
12/4/2021 15:47,5.33,3.26,0.68,0.13,164405.58,486.37,94.69,0,7,3
12/4/2021 15:52,5.37,4.54,0.96,0.17,165493.52,490.21,95.4,0,7,3
12/4/2021 15:57,5.38,2.59,0.54,0.11,166665.36,494.29,96.15,0,7,3
12/4/2021 16:02,5.36,2.76,0.58,0.11,167754.33,498.1,96.87,0,7,3
12/4/2021 16:07,5.37,3.31,0.69,0.13,168940.34,502.24,97.63,0,7,3
12/4/2021 16:12,5.37,3.32,0.69,0.13,170136.73,506.4,98.39,0,7,3
12/4/2021 16:17,5.35,2.92,0.61,0.12,171404.06,510.82,99.2,0,7,3
12/4/2021 16:22,5.34,4.38,0,0,172418.69,511.7,99.37,0,0,0
12/4/2021 16:27,5.34,3.23,0.68,0.13,173689.28,513.97,99.79,0,7,3
12/4/2021 16:32,5.34,4.82,1.01,0.18,174759.69,517.71,100.49,0,7,3
12/4/2021 16:37,5.34,3.1,0.65,0.13,175803.52,521.36,101.17,0,7,3
12/4/2021 16:42,5.34,4.25,0.89,0.16,177113.73,525.92,102,0,7,3
12/4/2021 16:47,5.3,2.79,0.66,0.12,178247.19,529.89,102.74,0,7,3
12/4/2021 16:52,5.3,3.17,0.68,0.13,179362.41,533.78,103.46,0,7,3
12/4/2021 16:57,5.3,3.1,0.68,0.13,180422.38,537.47,104.15,0,7,3
12/4/2021 17:02,5.29,2.66,0,0,181497.48,538.3,104.31,0,0,0
12/4/2021 17:07,5.29,3.06,0.65,0.12,182634.91,540.63,104.73,0,7,3
12/4/2021 17:12,5.32,4.42,0.93,0.17,183662.34,544.22,105.41,0,7,3
12/4/2021 17:17,5.34,3.34,0.7,0.12,184581.44,547.45,106.03,0,7,3
12/4/2021 17:22,5.34,2.85,0.61,0.12,185508.78,550.69,106.65,0,7,3
12/4/2021 17:27,5.34,3.4,0.71,0.14,186442.36,553.96,107.28,0,7,3
12/4/2021 17:32,5.35,2.39,0.51,0.1,187236.92,556.75,107.83,0,7,3
12/4/2021 17:37,5.35,1.71,0.36,0.09,187887.45,559.04,108.31,0,7,3
12/4/2021 17:42,5.36,1.98,0,0,188463.11,559.55,108.42,0,0,0
12/4/2021 17:47,5.37,1.58,0.34,0.08,189007.16,560.6,108.65,0,7,3
12/4/2021 17:52,5.37,1.71,0.38,0.08,189510.86,562.4,109.06,0,7,3
12/4/2021 17:57,5.37,1.63,0.35,0.08,190007.81,564.17,109.45,0,7,3
12/4/2021 18:02,5.36,1.59,0.34,0.08,190489.45,565.9,109.84,0,7,3
12/4/2021 18:07,5.34,1.55,0.33,0.08,190970.52,567.61,110.23,0,7,3
12/4/2021 18:12,5.33,1.64,0.35,0.08,191457.75,569.36,110.62,0,7,3
12/4/2021 18:17,5.33,1.6,0.34,0.08,191931.5,571.04,111.01,0,7,3
12/4/2021 18:22,5.33,1.36,0,0,192411.19,571.46,111.1,0,0,0
12/4/2021 18:27,5.33,1.51,0.32,0.08,192893.44,572.38,111.31,0,7,3
12/4/2021 18:32,5.34,1.76,0.38,0.09,193387.3,574.15,111.71,0,7,3
12/4/2021 18:37,5.3,1.54,0.32,0.07,193889.31,575.94,112.1,0,7,3
12/4/2021 18:42,5.29,1.64,0.35,0.08,194407.81,577.8,112.52,0,7,3
12/4/2021 18:47,5.27,1.82,0.39,0.08,194921.19,579.64,112.92,0,7,3
12/4/2021 18:52,5.26,1.85,0.39,0.08,195487.97,581.65,113.36,0,7,3
12/4/2021 18:57,5.32,2.54,0.54,0.11,196173.14,584.06,113.85,0,7,3
12/4/2021 19:02,5.34,2.71,0,0,196996.19,584.75,113.99,0,0,0
12/4/2021 19:07,5.33,4.99,1.03,0.18,198090.27,586.96,114.39,0,7,3
12/4/2021 19:12,5.33,4.13,0.86,0.16,199241.77,590.95,115.13,0,7,3
12/4/2021 19:17,5.33,4.92,0.83,0.19,200463.75,595.18,115.91,0,7,3
12/4/2021 19:22,5.35,4,0.83,0.15,201688.34,599.44,116.69,0,7,3
12/4/2021 19:27,5.37,3.14,0.67,0.13,202790.08,603.27,117.41,0,7,3
12/4/2021 19:32,5.38,3.22,0.68,0.13,203764.14,606.68,118.06,0,7,3
12/4/2021 19:37,5.38,2.83,0.59,0.11,204694.22,609.93,118.68,0,7,3
12/4/2021 19:42,5.39,2.39,0,0,205469.94,610.61,118.82,0,0,0
12/4/2021 19:47,5.39,2.44,0.51,0.1,206210.78,611.96,119.09,0,7,3
12/4/2021 19:52,5.37,2.32,0.49,0.1,206881.81,614.31,119.57,0,7,3
12/4/2021 19:57,5.38,2.06,0.42,0.09,207518.19,616.54,120.04,0,7,3
12/4/2021 20:02,5.38,1.74,0.38,0.08,208126.73,618.67,120.5,0,7,3
12/4/2021 20:07,5.37,1.53,0.35,0.08,208692.48,620.67,120.93,0,7,3
12/4/2021 20:12,5.38,1.55,0.33,0.08,209238.75,622.6,121.35,0,7,3
12/4/2021 20:17,5.38,2.02,0.42,0.09,209806.72,624.6,121.78,0,7,3
12/4/2021 20:22,5.35,2.42,0,0,210477.42,625.15,121.89,0,0,0
12/4/2021 20:27,5.35,2.96,0.62,0.12,211290.05,626.76,122.2,0,7,3
12/4/2021 20:32,5.35,2.97,0.62,0.11,212241.88,630.07,122.84,0,7,3
12/4/2021 20:37,5.35,3.77,0.78,0.14,213240.77,633.56,123.5,0,7,3
12/4/2021 20:42,5.38,2.79,0.58,0.11,214293.64,637.25,124.19,0,7,3
12/4/2021 20:47,5.38,3.82,0.78,0.14,215349.89,640.9,124.88,0,7,3
12/4/2021 20:52,5.38,3.82,0.79,0.15,216474.75,644.8,125.61,0,7,3
12/4/2021 20:57,5.37,3.63,0.76,0.14,217565.58,648.59,126.32,0,7,3
12/4/2021 21:02,5.38,2.82,0,0,218650.16,649.51,126.49,0,0,0
12/4/2021 21:07,5.37,3.49,0.73,0.14,219737.44,651.64,126.88,0,7,3
12/4/2021 21:12,5.38,3.66,0.76,0.14,220837.97,655.46,127.6,0,7,3
12/4/2021 21:17,5.41,3.84,0.8,0.15,221960.28,659.35,128.32,0,7,3
12/4/2021 21:22,5.41,3.16,0.67,0.13,223038.63,663.1,129.02,0,7,3
12/4/2021 21:27,5.41,3.67,0.72,0.14,224061.67,666.66,129.69,0,7,3
12/4/2021 21:32,5.42,3.61,0.69,0.13,225093.39,670.25,130.37,0,7,3
12/4/2021 21:37,5.43,2.78,0.58,0.12,226150.81,673.93,131.06,0,7,3
12/4/2021 21:42,5.42,3.71,0,0,227182.38,674.79,131.21,0,0,0
12/4/2021 21:47,5.39,3.76,0.78,0.14,228242.25,676.82,131.6,0,7,3
12/4/2021 21:52,5.38,3.66,0.76,0.14,229310.58,680.53,132.29,0,7,3
12/4/2021 21:57,5.36,3.59,0.75,0.14,230381.63,684.24,132.99,0,7,3
12/4/2021 22:02,5.36,3.26,0.69,0.13,231477.45,688.07,133.7,0,7,3
12/4/2021 22:07,5.38,3.11,0.65,0.12,232447.94,691.45,134.34,0,7,3
12/4/2021 22:12,5.37,3.48,0.72,0.14,233548.91,695.28,135.06,0,7,3
12/4/2021 22:17,5.38,3.48,0.72,0.14,234610.44,698.97,135.75,0,7,3
12/4/2021 22:22,5.38,3.88,0,0,235629.52,699.78,135.9,0,0,0
12/4/2021 22:27,5.38,3.23,0.68,0.13,236625.16,701.64,136.26,0,7,3
12/4/2021 22:32,5.35,1.82,0.38,0.08,237629.83,705.16,136.92,0,7,3
12/4/2021 22:37,5.28,2.39,0.51,0.1,238393.39,707.83,137.45,0,7,3
12/4/2021 22:42,5.28,2.07,0.43,0.09,239054.27,710.14,137.93,0,7,3
12/4/2021 22:47,5.28,1.97,0.42,0.09,239643.19,712.2,138.37,0,7,3
12/4/2021 22:52,5.27,1.78,0.38,0.08,240180.42,714.11,138.79,0,7,3
12/4/2021 22:57,5.26,1.64,0.35,0.08,240666.52,715.83,139.18,0,7,3
12/4/2021 23:02,5.27,1.78,0,0,241180.8,716.27,139.27,0,0,0
12/4/2021 23:07,5.27,1.49,0.32,0.07,241667.11,717.19,139.48,0,7,3
12/4/2021 23:12,5.26,1.67,0.36,0.08,242148.48,718.89,139.87,0,7,3
12/4/2021 23:17,5.27,1.59,0.33,0.08,242632.95,720.6,140.26,0,7,3
12/4/2021 23:22,5.26,1.69,0.37,0.08,243130.3,722.37,140.65,0,7,3
12/4/2021 23:27,5.26,1.78,0.38,0.09,243626.59,724.14,141.04,0,7,3
12/4/2021 23:32,5.25,1.71,0.37,0.08,244114.89,725.88,141.43,0,7,3
12/4/2021 23:37,5.25,1.55,0.33,0.08,244617.05,727.66,141.83,0,7,3
12/4/2021 23:42,5.25,1.63,0,0,245101.52,728.07,141.92,0,0,0
12/4/2021 23:47,5.25,1.51,0.32,0.07,245590.75,729.03,142.14,0,7,3
12/4/2021 23:52,5.27,1.78,0.38,0.08,246101.08,730.84,142.54,0,7,3
12/4/2021 23:57,5.27,2.36,0.49,0.1,246688.7,732.9,142.98,0,7,3
12/5/2021 0:02,5.26,1.97,0.42,0.09,365.93,1.29,0.25,0,7,3
